rank,model,val_acc,val_f1,test_acc,test_f1,f1_arith,f1_pattern,f1_memory,f1_comp,f1_attn,train_time_s,status
1,SVM_RBF_C10,0.4015,0.3902,0.4278,0.4117,0.5382,0.3514,0.377,0.4836,0.3085,5.55,OK
2,SVM_RBF_C1,0.39,0.3498,0.4244,0.3818,0.5596,0.2115,0.3651,0.4988,0.2738,4.33,OK
3,SVM_RBF_g0.01,0.39,0.3498,0.4244,0.3818,0.5596,0.2115,0.3651,0.4988,0.2738,4.46,OK
4,LGB_100,0.3591,0.3127,0.4227,0.3878,0.5422,0.2051,0.3361,0.5156,0.3402,9.81,OK
5,SVM_RBF_C100,0.4093,0.3984,0.4175,0.4007,0.5397,0.3265,0.374,0.4653,0.2979,5.6,OK
6,ET_200,0.3938,0.3499,0.4055,0.3529,0.4752,0.1556,0.373,0.4809,0.28,2.81,OK
7,ET_100,0.3938,0.3549,0.4003,0.3559,0.5024,0.1935,0.3137,0.4825,0.2876,1.42,OK
8,KNN_k9,0.332,0.3126,0.3935,0.3608,0.4541,0.2459,0.3944,0.4677,0.242,0.07,OK
9,LGB_200,0.3668,0.3446,0.3935,0.3546,0.5479,0.1239,0.3023,0.4784,0.3204,19.14,OK
10,RF_200_sqrt,0.3822,0.3379,0.3918,0.3239,0.4727,0.0714,0.3707,0.4811,0.2237,8.45,OK
11,RF_100_log2,0.3745,0.3133,0.3918,0.3412,0.4766,0.1522,0.3231,0.4831,0.271,2.76,OK
12,RF_100_sqrt,0.3784,0.3249,0.3883,0.3405,0.4793,0.1522,0.3516,0.4665,0.253,4.18,OK
13,Voting_soft,0.4093,0.3676,0.3883,0.346,0.5088,0.1748,0.3695,0.4574,0.2197,8.01,OK
14,KNN_k5,0.3012,0.2717,0.3849,0.3613,0.4914,0.2556,0.388,0.435,0.2367,0.07,OK
15,KNN_k5_man,0.332,0.3074,0.3814,0.357,0.4872,0.292,0.3851,0.4345,0.1863,0.11,OK
16,GBM_d5,0.3436,0.3005,0.378,0.3169,0.4926,0.06,0.3451,0.4796,0.2073,242.08,OK
17,GBM_d3,0.39,0.366,0.3729,0.3273,0.4608,0.1111,0.3296,0.4796,0.2556,74.95,OK
18,QDA,0.3514,0.3113,0.3711,0.3261,0.4425,0.1404,0.3346,0.4784,0.2346,0.18,OK
19,XGB_d3,0.3745,0.3362,0.3711,0.3239,0.4384,0.0917,0.3454,0.4691,0.2747,3.66,OK
20,LDA_svd,0.3668,0.3355,0.3643,0.3392,0.4348,0.2158,0.3089,0.4598,0.2766,0.07,OK
21,LR_C0.1,0.3784,0.344,0.3608,0.3321,0.4268,0.2121,0.3279,0.4548,0.2391,0.19,OK
22,SVM_Lin_C0.1,0.3707,0.3417,0.3608,0.3357,0.4286,0.2345,0.3102,0.4646,0.2404,3.92,OK
23,LDA_shrink,0.3977,0.3587,0.3574,0.3308,0.4103,0.209,0.3065,0.4523,0.2762,0.07,OK
24,Ridge,0.3977,0.3344,0.3557,0.3117,0.4163,0.1468,0.2857,0.4638,0.2456,0.03,OK
25,XGB_d5,0.3784,0.3412,0.354,0.3151,0.4636,0.1071,0.3083,0.4354,0.2609,11.51,OK
26,MLP_64,0.3089,0.3064,0.354,0.3434,0.4848,0.2683,0.3047,0.4013,0.2577,10.07,OK
27,MLP_128_64,0.3282,0.3103,0.354,0.3471,0.4891,0.3133,0.2612,0.3951,0.2769,6.99,OK
28,KNN_k3,0.3089,0.295,0.3522,0.3315,0.4742,0.2308,0.3692,0.3521,0.2312,10.76,OK
29,LR_C0.01,0.4131,0.3657,0.3505,0.3156,0.3843,0.193,0.3254,0.4467,0.2286,0.1,OK
30,SVM_Lin_C1,0.3668,0.337,0.3505,0.3257,0.4315,0.2013,0.3102,0.4477,0.2378,31.96,OK
31,LR_C1,0.3707,0.3397,0.3488,0.3228,0.4068,0.2286,0.3,0.4505,0.2283,0.29,OK
32,LR_C10,0.3745,0.3441,0.3488,0.3236,0.412,0.227,0.3058,0.4475,0.2258,0.32,OK
33,SVM_Poly3,0.3475,0.2592,0.3471,0.2561,0.3375,0.0667,0.2408,0.4639,0.1719,3.05,OK
34,SVM_Lin_C10,0.3707,0.3475,0.3402,0.3197,0.3983,0.2353,0.2972,0.4405,0.227,417.99,OK
35,Bagging_DT50,0.3359,0.2552,0.3385,0.2551,0.4,0.0,0.3147,0.4589,0.1022,8.75,OK
36,MLP_tanh,0.3282,0.32,0.3333,0.3227,0.4,0.2222,0.3468,0.3667,0.278,0.53,OK
37,AdaBoost50,0.2819,0.175,0.3127,0.2,0.2976,0.0,0.2471,0.4554,0.0,3.26,OK
38,AdaBoost100,0.3629,0.3121,0.311,0.2646,0.3282,0.0885,0.3035,0.4178,0.185,6.42,OK
39,DT_d5,0.2548,0.2239,0.3093,0.2797,0.3437,0.1486,0.314,0.404,0.1878,0.29,OK
40,SVM_Poly2,0.3127,0.2557,0.3076,0.2266,0.3956,0.0,0.1776,0.4244,0.1353,2.98,OK
41,SGD,0.2934,0.2716,0.2973,0.273,0.3701,0.0992,0.2895,0.3642,0.2419,0.38,OK
42,ComplementNB,0.3166,0.282,0.2955,0.2568,0.3183,0.1667,0.1494,0.4155,0.234,0.01,OK
43,DT_full,0.2317,0.2066,0.2887,0.2766,0.3062,0.1635,0.2672,0.3578,0.2881,0.56,OK
44,Perceptron,0.2587,0.2484,0.2869,0.2734,0.3256,0.1974,0.2591,0.3672,0.2178,0.07,OK
45,GaussianNB,0.3243,0.3022,0.2801,0.248,0.3356,0.1071,0.2682,0.3515,0.1775,0.04,OK
46,DT_d10,0.2857,0.2754,0.2457,0.2242,0.2586,0.1324,0.1935,0.3464,0.19,1.01,OK
