eeg_filepath,eeg_title,sub_study,eeg_recording_start_utc,matched_uuid,matched_full_name,match_method,match_confidence,match_score,notes
D:\Projects\Major-Project\Data\Emotive\BCI data\1\BCI data\imagination\imagination_subjct9_EPOCX_792323_2026.05.01T00.46.31+05.30.md.csv,imagination_subjct9,imagination,1777556791.0,,,,SEPARATE_SUB_STUDY,0.0,Sub-study: imagination — excluded from main analysis
D:\Projects\Major-Project\Data\Emotive\BCI data\1\BCI data\imagination\imagination_subject10_EPOCX_793790_2026.05.03T15.13.59+05.30.md.csv,imagination_subject10,imagination,1777781639.0,,,,SEPARATE_SUB_STUDY,0.0,Sub-study: imagination — excluded from main analysis
D:\Projects\Major-Project\Data\Emotive\BCI data\1\BCI data\imagination\imagination_subject11_EPOCX_793791_2026.05.03T15.28.45+05.30.md.csv,imagination_subject11,imagination,1777782525.0,,,,SEPARATE_SUB_STUDY,0.0,Sub-study: imagination — excluded from main analysis
D:\Projects\Major-Project\Data\Emotive\BCI data\1\BCI data\imagination\imagination_subject1_EPOCX_792159_2026.04.30T22.31.20+05.30.md.csv,imagination_subject1,imagination,1777548680.0,,,,SEPARATE_SUB_STUDY,0.0,Sub-study: imagination — excluded from main analysis
D:\Projects\Major-Project\Data\Emotive\BCI data\1\BCI data\imagination\imagination_subject3_EPOCX_792162_2026.04.30T23.21.18+05.30.md.csv,imagination_subject3,imagination,1777551678.0,,,,SEPARATE_SUB_STUDY,0.0,Sub-study: imagination — excluded from main analysis
D:\Projects\Major-Project\Data\Emotive\BCI data\1\BCI data\imagination\imagination_subject4_EPOCX_792191_2026.04.30T23.38.10+05.30.md.csv,imagination_subject4,imagination,1777552690.0,,,,SEPARATE_SUB_STUDY,0.0,Sub-study: imagination — excluded from main analysis
D:\Projects\Major-Project\Data\Emotive\BCI data\1\BCI data\imagination\imagination_subject7_EPOCX_792230_2026.05.01T00.10.41+05.30.md.csv,imagination_subject7,imagination,1777554641.0,,,,SEPARATE_SUB_STUDY,0.0,Sub-study: imagination — excluded from main analysis
D:\Projects\Major-Project\Data\Emotive\BCI data\1\BCI data\imagination\imagination_subject8_EPOCX_792257_2026.05.01T00.32.34+05.30.md.csv,imagination_subject8,imagination,1777555954.0,,,,SEPARATE_SUB_STUDY,0.0,Sub-study: imagination — excluded from main analysis
D:\Projects\Major-Project\Data\Emotive\BCI data\1\BCI data\imagination\imagintion_subject6_EPOCX_792227_2026.04.30T23.54.11+05.30.md.csv,imagintion_subject6,imagination,1777553651.0,,,,SEPARATE_SUB_STUDY,0.0,Sub-study: imagination — excluded from main analysis
D:\Projects\Major-Project\Data\Emotive\BCI data\1\BCI data\imagination\imaginztion_subject13_EPOCX_793809_2026.05.03T15.52.44+05.30.md.csv,imaginztion_subject13,imagination,1777783964.0,,,,SEPARATE_SUB_STUDY,0.0,Sub-study: imagination — excluded from main analysis
D:\Projects\Major-Project\Data\Emotive\BCI data\1\BCI data\imagination\immagination_subject1_EPOCX_792160_2026.04.30T22.51.21+05.30.md.csv,immagination_subject1,imagination,1777549881.0,,,,SEPARATE_SUB_STUDY,0.0,Sub-study: imagination — excluded from main analysis
D:\Projects\Major-Project\Data\Emotive\BCI data\1\BCI data\New folder\Aamir_EPOCX_587822_2026.04.22T15.30.04+05.30.md.bp.csv,Aamir,main_named,1776832204.0,bef21b19-9f14-46fd-983e-519cd076d499,Aamir Sohail,name_similarity,HIGH,1.0,Name score: 1.000
D:\Projects\Major-Project\Data\Emotive\BCI data\1\BCI data\New folder\aishu_EPOCX_587822_2026.04.22T14.06.03+05.30.md.bp.csv,aishu,main_named,1776827163.0,b17134fc-8dcf-4a39-b251-3e8e95b21315,aishu,name_similarity,HIGH,1.0,Name score: 1.000
D:\Projects\Major-Project\Data\Emotive\BCI data\1\BCI data\New folder\akhilesh_EPOCX_781974_2026.04.21T16.11.03+05.30.md.bp.csv,akhilesh,main_named,1776748263.0,38486085-f824-4b7b-82b0-ebfd7c8629e4,Akhilesh S,name_similarity,HIGH,1.0,Name score: 1.000
D:\Projects\Major-Project\Data\Emotive\BCI data\1\BCI data\New folder\Brijesh 1_EPOCX_782854_2026.04.22T11.34.26+05.30.md.bp.csv,Brijesh 1,main_named,1776818066.0,4cfb4306-1fd2-4cac-b1a4-e605da568d7e,Brijesh,name_similarity,HIGH,1.0,Name score: 1.000
D:\Projects\Major-Project\Data\Emotive\BCI data\1\BCI data\New folder\Brijesh 2_EPOCX_782854_2026.04.22T11.37.41+05.30.md.bp.csv,Brijesh 2,main_named,1776818261.0,4cfb4306-1fd2-4cac-b1a4-e605da568d7e,Brijesh,name_similarity,HIGH,1.0,Name score: 1.000
D:\Projects\Major-Project\Data\Emotive\BCI data\1\BCI data\New folder\Brijesh 3_EPOCX_782854_2026.04.22T11.40.11+05.30.md.bp.csv,Brijesh 3,main_named,1776818411.0,4cfb4306-1fd2-4cac-b1a4-e605da568d7e,Brijesh,name_similarity,HIGH,1.0,Name score: 1.000
D:\Projects\Major-Project\Data\Emotive\BCI data\1\BCI data\New folder\Brijesh 4_EPOCX_782854_2026.04.22T11.42.43+05.30.md.bp.csv,Brijesh 4,main_named,1776818563.0,4cfb4306-1fd2-4cac-b1a4-e605da568d7e,Brijesh,name_similarity,HIGH,1.0,Name score: 1.000
D:\Projects\Major-Project\Data\Emotive\BCI data\1\BCI data\New folder\bunny_EPOCX_780182_2026.04.19T12.19.03+05.30.md.bp.csv,bunny,main_named,1776561543.0,9c588e1c-b67d-4964-9795-ff4e62e1f292,bunny reddy,name_similarity,HIGH,1.0,Name score: 1.000
D:\Projects\Major-Project\Data\Emotive\BCI data\1\BCI data\New folder\dhanush H U_EPOCX_778793_2026.04.17T12.08.25+05.30.md.bp.csv,dhanush H U,main_named,1776388105.0,d129448b-a4c5-49ee-9795-d4463d27334a,dhanush H,name_similarity,HIGH,1.0,Name score: 1.000
D:\Projects\Major-Project\Data\Emotive\BCI data\1\BCI data\New folder\Dhrshan G_EPOCX_777672_2026.04.16T14.53.42+05.30.md.bp.csv,Dhrshan G,main_named,1776311622.0,15f6773b-607d-4409-a94f-78d24eac8e34,Darshan.G,name_similarity,LOW,0.667,Name score: 0.667
D:\Projects\Major-Project\Data\Emotive\BCI data\1\BCI data\New folder\Lakshmi_EPOCX_587822_2026.04.22T15.06.14+05.30.md.bp.csv,Lakshmi,main_named,1776830774.0,,,,UNMATCHED,0.0,
D:\Projects\Major-Project\Data\Emotive\BCI data\1\BCI data\New folder\Maanya_EPOCX_587822_2026.04.28T15.55.16+05.30.md.bp.csv,Maanya,main_named,1777352116.0,182b236c-a543-4d7f-b121-473dc33918f2,Maanya,name_similarity,HIGH,1.0,Name score: 1.000
D:\Projects\Major-Project\Data\Emotive\BCI data\1\BCI data\New folder\manu_EPOCX_587822_2026.04.17T15.00.49+05.30.md.bp.csv,manu,main_named,1776398449.0,,,,UNMATCHED,0.0,
D:\Projects\Major-Project\Data\Emotive\BCI data\1\BCI data\New folder\niranjan k_EPOCX_784239_2026.04.23T10.09.05+05.30.md.bp.csv,niranjan k,main_named,1776899345.0,69c167cf-2224-4a55-adef-a54aa83f75c5,Niranjan k,name_similarity,HIGH,1.0,Name score: 1.000
D:\Projects\Major-Project\Data\Emotive\BCI data\1\BCI data\New folder\Nishanth_EPOCX_587822_2026.04.16T15.21.40+05.30.md.bp.csv,Nishanth,main_named,1776313300.0,caa4b854-4eea-4177-a19c-2d0f4929874e,Nishanth B A,name_similarity,HIGH,1.0,Name score: 1.000
D:\Projects\Major-Project\Data\Emotive\BCI data\1\BCI data\New folder\nitish_EPOCX_779486_2026.04.18T11.41.15+05.30.md.bp.csv,nitish,main_named,1776472875.0,699dd060-e5d3-4dfb-bd49-1e58c9a7801d,Nitish kumar,name_similarity,HIGH,1.0,Name score: 1.000
D:\Projects\Major-Project\Data\Emotive\BCI data\1\BCI data\New folder\Pragati_EPOCX_587822_2026.04.23T15.08.03+05.30.md.bp.csv,Pragati,main_named,1776917283.0,c33adeeb-6609-4bd1-8fbc-9b3562dea1d0,PRAGSTI,name_similarity,MODERATE,0.857,Name score: 0.857
D:\Projects\Major-Project\Data\Emotive\BCI data\1\BCI data\New folder\prajesh_EPOCX_587822_2026.04.17T16.02.42+05.30.md.bp.csv,prajesh,main_named,1776402162.0,4cfb4306-1fd2-4cac-b1a4-e605da568d7e,Brijesh,name_similarity,LOW,0.714,Name score: 0.714
D:\Projects\Major-Project\Data\Emotive\BCI data\1\BCI data\New folder\Prathap_EPOCX_587822_2026.04.17T14.13.21+05.30.md.bp.csv,Prathap,main_named,1776395601.0,,,,UNMATCHED,0.0,
D:\Projects\Major-Project\Data\Emotive\BCI data\1\BCI data\New folder\rahul jain_EPOCX_777638_2026.04.16T14.29.35+05.30.md.bp.csv,rahul jain,main_named,1776310175.0,,,,UNMATCHED,0.0,
D:\Projects\Major-Project\Data\Emotive\BCI data\1\BCI data\New folder\revanth reddy_EPOCX_780184_2026.04.19T12.33.43+05.30.md.bp.csv,revanth reddy,main_named,1776562423.0,41e7ea84-ede5-4a76-8176-b877187f4b39,revanth reddy,name_similarity,HIGH,1.0,Name score: 1.000
D:\Projects\Major-Project\Data\Emotive\BCI data\1\BCI data\New folder\rohith v_EPOCX_784187_2026.04.23T09.35.05+05.30.md.bp.csv,rohith v,main_named,1776897305.0,,,,UNMATCHED,0.0,
D:\Projects\Major-Project\Data\Emotive\BCI data\1\BCI data\New folder\Sanjay_EPOCX_587822_2026.04.24T10.14.17+05.30.md.bp.csv,Sanjay,main_named,1776986057.0,,,,UNMATCHED,0.0,
D:\Projects\Major-Project\Data\Emotive\BCI data\1\BCI data\New folder\sankalp_EPOCX_781901_2026.04.21T11.32.13+05.30.md.bp.csv,sankalp,main_named,1776731533.0,077f1f73-3786-4d01-8c77-d40cf7f07ae1,Sankalp Khadabadi,name_similarity,HIGH,1.0,Name score: 1.000
D:\Projects\Major-Project\Data\Emotive\BCI data\1\BCI data\New folder\shaina_EPOCX_587822_2026.04.23T16.11.13+05.30.md.bp.csv,shaina,main_named,1776921073.0,fed10af2-13dd-4f5a-9910-0c156c024547,shaina noushad,name_similarity,HIGH,1.0,Name score: 1.000
D:\Projects\Major-Project\Data\Emotive\BCI data\1\BCI data\New folder\Suhas_EPOCX_587822_2026.04.17T16.42.03+05.30.md.bp.csv,Suhas,main_named,1776404523.0,1295d8c1-c3fa-424a-a3ac-86e227c3a8de,Suhas R,name_similarity,HIGH,1.0,Name score: 1.000
D:\Projects\Major-Project\Data\Emotive\BCI data\1\BCI data\New folder\tharun karun_EPOCX_780185_2026.04.19T12.49.57+05.30.md.bp.csv,tharun karun,main_named,1776563397.0,6f2c1a12-a0ec-4367-92f6-b0403cc5b56c,Tharun,name_similarity,HIGH,1.0,Name score: 1.000
D:\Projects\Major-Project\Data\Emotive\BCI data\1\BCI data\New folder\Uma H M_EPOCX_777408_2026.04.16T12.45.59+05.30.md.bp.csv,Uma H M,main_named,1776303959.0,4885d4b0-45a4-4809-93f1-b004dd932716,Uma H M,name_similarity,HIGH,1.0,Name score: 1.000
D:\Projects\Major-Project\Data\Emotive\BCI data\1\BCI data\New folder\Venkat_EPOCX_587822_2026.04.17T17.02.16+05.30.md.bp.csv,Venkat,main_named,1776405736.0,daa69244-ed2c-41a5-883b-3352a4c9284b,venkat nivas reddy k,name_similarity,HIGH,1.0,Name score: 1.000
D:\Projects\Major-Project\Data\Emotive\BCI data\1\BCI data\New folder\yash raj_EPOCX_784305_2026.04.23T15.49.16+05.30.md.bp.csv,yash raj,main_named,1776919756.0,8c27a478-52f0-442d-a434-fe798e047585,Yash Raj,name_similarity,HIGH,1.0,Name score: 1.000
D:\Projects\Major-Project\Data\Emotive\BCI data\1\BCI data\New folder\yashwanth_EPOCX_780183_2026.04.19T11.59.18+05.30.md.bp.csv,yashwanth,main_named,1776560358.0,489aeec3-5823-4e43-9ca6-e34ae73136ad,Yashwanth Reddy,name_similarity,HIGH,1.0,Name score: 1.000
D:\Projects\Major-Project\Data\Emotive\BCI data\1\BCI data\Stress evaluation\participant_11_EPOCX_791505_2026.04.30T14.37.30+05.30.md.csv,participant_11,stress,1777520250.0,,,,SEPARATE_SUB_STUDY,0.0,Sub-study: stress — excluded from main analysis
D:\Projects\Major-Project\Data\Emotive\BCI data\1\BCI data\Stress evaluation\participant_13_EPOCX_799254_2026.05.08T21.55.12+05.30.md.csv,participant_13,stress,1778237712.0,,,,SEPARATE_SUB_STUDY,0.0,Sub-study: stress — excluded from main analysis
D:\Projects\Major-Project\Data\Emotive\BCI data\1\BCI data\Stress evaluation\participant_14_EPOCX_800903_2026.05.11T23.31.10+05.30.md.csv,participant_14,stress,1778502670.0,,,,SEPARATE_SUB_STUDY,0.0,Sub-study: stress — excluded from main analysis
D:\Projects\Major-Project\Data\Emotive\BCI data\1\BCI data\Stress evaluation\participant_15_EPOCX_803292_2026.05.16T21.55.45+05.30.md.csv,participant_15,stress,1778928945.0,,,,SEPARATE_SUB_STUDY,0.0,Sub-study: stress — excluded from main analysis
D:\Projects\Major-Project\Data\Emotive\BCI data\1\BCI data\Stress evaluation\participant_1_EPOCX_2026.04.21T17.06.15+05.30.md.csv,participant_1,stress,1776751575.0,,,,SEPARATE_SUB_STUDY,0.0,Sub-study: stress — excluded from main analysis
D:\Projects\Major-Project\Data\Emotive\BCI data\1\BCI data\Stress evaluation\participant_2_EPOCX_783127_2026.04.22T16.58.55+05.30.md.csv,participant_2,stress,1776837535.0,,,,SEPARATE_SUB_STUDY,0.0,Sub-study: stress — excluded from main analysis
D:\Projects\Major-Project\Data\Emotive\BCI data\1\BCI data\Stress evaluation\participant_3_EPOCX_784998_2026.04.23T23.26.02+05.30.md.csv,participant_3,stress,1776947162.0,,,,SEPARATE_SUB_STUDY,0.0,Sub-study: stress — excluded from main analysis
D:\Projects\Major-Project\Data\Emotive\BCI data\1\BCI data\Stress evaluation\participant_5_EPOCX_785987_2026.04.24T23.56.07+05.30.md.csv,participant_5,stress,1777035367.0,,,,SEPARATE_SUB_STUDY,0.0,Sub-study: stress — excluded from main analysis
D:\Projects\Major-Project\Data\Emotive\BCI data\1\BCI data\Stress evaluation\participant_6_EPOCX_788504_2026.04.28T12.15.48+05.30.md.csv,participant_6,stress,1777338948.0,,,,SEPARATE_SUB_STUDY,0.0,Sub-study: stress — excluded from main analysis
D:\Projects\Major-Project\Data\Emotive\BCI data\1\BCI data\Stress evaluation\participant_7_EPOCX_789287_2026.04.28T22.19.37+05.30.md.csv,participant_7,stress,1777375177.0,,,,SEPARATE_SUB_STUDY,0.0,Sub-study: stress — excluded from main analysis
D:\Projects\Major-Project\Data\Emotive\BCI data\1\BCI data\Stress evaluation\participant_9_EPOCX_790904_2026.04.29T21.25.19+05.30.md.csv,participant_9,stress,1777458319.0,,,,SEPARATE_SUB_STUDY,0.0,Sub-study: stress — excluded from main analysis
D:\Projects\Major-Project\Data\Emotive\BCI data\2\BCI data\New folder\aaditya_EPOCX_791513_2026.04.30T15.40.00+05.30.md.bp.csv,aaditya,main_named,1777524000.0,,,,UNMATCHED,0.0,
D:\Projects\Major-Project\Data\Emotive\BCI data\2\BCI data\New folder\amey_EPOCX_781864_2026.04.21T10.14.03+05.30.md.bp.csv,amey,main_named,1776726843.0,617c750a-6289-4403-8ead-1ee0ff4fcf88,Amey.A,name_similarity,LOW,0.667,Name score: 0.667
D:\Projects\Major-Project\Data\Emotive\BCI data\2\BCI data\New folder\Darshini_EPOCX_587822_2026.04.16T15.42.49+05.30.md.bp.csv,Darshini,main_named,1776314569.0,1d7969e9-9d81-4b61-b5a4-102cab269db4,darshani.A,name_similarity,LOW,0.7,Name score: 0.700
D:\Projects\Major-Project\Data\Emotive\BCI data\2\BCI data\New folder\girish_EPOCX_775856_2026.04.15T10.14.18+05.30.md.bp.csv,girish,main_named,1776208458.0,a9fa0a9e-4c99-49b4-b75f-ba925babb6f9,Girish babu M B,name_similarity,HIGH,1.0,Name score: 1.000
D:\Projects\Major-Project\Data\Emotive\BCI data\2\BCI data\New folder\Kushal_EPOCX_587822_2026.04.30T15.59.49+05.30.md.bp.csv,Kushal,main_named,1777525189.0,7aff8ec5-acae-493c-a6b3-9d61b98ba0b4,KUSHAL J R,name_similarity,HIGH,1.0,Name score: 1.000
D:\Projects\Major-Project\Data\Emotive\BCI data\2\BCI data\New folder\m1_EPOCX_773447_2026.04.13T16.00.31+05.30.md.bp.csv,m1,unknown,1776056431.0,,,,UNMATCHED,0.0,
D:\Projects\Major-Project\Data\Emotive\BCI data\2\BCI data\New folder\Maanya_EPOCX_587822_2026.04.28T15.55.16+05.30(1).md.bp.csv,Maanya,main_named,1777352116.0,182b236c-a543-4d7f-b121-473dc33918f2,Maanya,name_similarity,HIGH,1.0,Name score: 1.000
D:\Projects\Major-Project\Data\Emotive\BCI data\2\BCI data\New folder\pradeep kumar_EPOCX_787408_2026.04.27T08.57.58+05.30.md.bp.csv,pradeep kumar,main_named,1777240678.0,6d998d08-a10e-4432-b8a1-84e619128b08,PRADEEP KUMAR K,name_similarity,HIGH,1.0,Name score: 1.000
D:\Projects\Major-Project\Data\Emotive\BCI data\2\BCI data\New folder\Preetham_EPOCX_587822_2026.04.22T10.33.32+05.30.md.bp.csv,Preetham,main_named,1776814412.0,,,,UNMATCHED,0.0,
D:\Projects\Major-Project\Data\Emotive\BCI data\2\BCI data\New folder\Rishab_EPOCX_587822_2026.04.29T16.05.52+05.30.md.bp.csv,Rishab,main_named,1777439152.0,ad1b69f4-c7df-4d3a-bc43-55840a73478f,RISHAB SKANDA M,name_similarity,HIGH,1.0,Name score: 1.000
D:\Projects\Major-Project\Data\Emotive\BCI data\2\BCI data\New folder\rishi_EPOCX_773183_2026.04.13T12.43.48+05.30.md.bp.csv,rishi,main_named,1776044628.0,ad1b69f4-c7df-4d3a-bc43-55840a73478f,RISHAB SKANDA M,name_similarity,LOW,0.667,Name score: 0.667
D:\Projects\Major-Project\Data\Emotive\BCI data\2\BCI data\New folder\santhosh_EPOCX_781922_2026.04.21T14.11.01+05.30.md.bp.csv,santhosh,main_named,1776741061.0,e1f19955-0fdb-4bdd-9131-707c165021f0,santhu,name_similarity,LOW,0.625,Name score: 0.625
D:\Projects\Major-Project\Data\Emotive\BCI data\2\BCI data\New folder\yashas_EPOCX_777506_2026.04.16T13.09.52+05.30.md.bp.csv,yashas,main_named,1776305392.0,50d2e6aa-24c6-4d68-8bb3-f3b2f03f9b50,yashas,name_similarity,HIGH,1.0,Name score: 1.000
D:\Projects\Major-Project\Data\Emotive\BCI data\2\BCI data\Stress evaluation\participant_10_EPOCX_790938_2026.04.29T22.02.51+05.30.md.csv,participant_10,stress,1777460571.0,,,,SEPARATE_SUB_STUDY,0.0,Sub-study: stress — excluded from main analysis
D:\Projects\Major-Project\Data\Emotive\BCI data\2\BCI data\Stress evaluation\participant_12_EPOCX_799155_2026.05.08T21.00.50+05.30.md.csv,participant_12,stress,1778234450.0,,,,SEPARATE_SUB_STUDY,0.0,Sub-study: stress — excluded from main analysis
D:\Projects\Major-Project\Data\Emotive\BCI data\2\BCI data\Stress evaluation\participant_4_EPOCX_785888_2026.04.24T22.31.37+05.30.md.csv,participant_4,stress,1777030297.0,,,,SEPARATE_SUB_STUDY,0.0,Sub-study: stress — excluded from main analysis
D:\Projects\Major-Project\Data\Emotive\BCI data\2\BCI data\Stress evaluation\participant_8_EPOCX_790772_2026.04.29T20.49.00+05.30.md.csv,participant_8,stress,1777456140.0,,,,SEPARATE_SUB_STUDY,0.0,Sub-study: stress — excluded from main analysis
D:\Projects\Major-Project\Data\Emotive\BCI data\3\BCI data\New folder\varun_EPOCX_775922_2026.04.15T10.54.24+05.30.md.bp.csv,varun,main_named,1776210864.0,b60e1ae3-b420-4c8c-b2f5-fe145674e306,varun k,name_similarity,HIGH,1.0,Name score: 1.000
