file,status,n_samples,fs,interp_frac,good_ch,amp_artifact_frac
varun_EPOCX_775922_2026.04.15T10.54.24+05.30.md.bp.csv,OK,180869,256.0,0.0,14,0.003
aaditya_EPOCX_791513_2026.04.30T15.40.00+05.30.md.bp.csv,OK,86969,128.0,0.0,14,0.006
amey_EPOCX_781864_2026.04.21T10.14.03+05.30.md.bp.csv,OK,98897,128.0,0.0,14,0.013
Darshini_EPOCX_587822_2026.04.16T15.42.49+05.30.md.bp.csv,OK,108641,128.0,0.0,14,0.001
girish_EPOCX_775856_2026.04.15T10.14.18+05.30.md.bp.csv,OK,177041,256.0,0.0,14,0.007
Kushal_EPOCX_587822_2026.04.30T15.59.49+05.30.md.bp.csv,OK,121165,128.0,0.0,14,0.018
m1_EPOCX_773447_2026.04.13T16.00.31+05.30.md.bp.csv,OK,188401,256.0,0.0,14,0.018
Maanya_EPOCX_587822_2026.04.28T15.55.16+05.30(1).md.bp.csv,OK,102853,128.0,0.0,13,0.032
pradeep kumar_EPOCX_787408_2026.04.27T08.57.58+05.30.md.bp.csv,OK,103301,128.0,0.0,14,0.005
Preetham_EPOCX_587822_2026.04.22T10.33.32+05.30.md.bp.csv,OK,76609,128.0,0.0,13,0.017
Rishab_EPOCX_587822_2026.04.29T16.05.52+05.30.md.bp.csv,OK,112973,128.0,0.0,14,0.004
rishi_EPOCX_773183_2026.04.13T12.43.48+05.30.md.bp.csv,OK,184177,256.0,0.0,14,0.004
santhosh_EPOCX_781922_2026.04.21T14.11.01+05.30.md.bp.csv,OK,113469,128.0,0.0,14,0.053
yashas_EPOCX_777506_2026.04.16T13.09.52+05.30.md.bp.csv,OK,117937,128.0,0.0,14,0.002
Aamir_EPOCX_587822_2026.04.22T15.30.04+05.30.md.bp.csv,OK,95957,128.0,0.0,14,0.009
aishu_EPOCX_587822_2026.04.22T14.06.03+05.30.md.bp.csv,OK,76049,128.0,0.0,14,0.003
akhilesh_EPOCX_781974_2026.04.21T16.11.03+05.30.md.bp.csv,OK,93773,128.0,0.0,13,0.008
Brijesh 1_EPOCX_782854_2026.04.22T11.34.26+05.30.md.bp.csv,OK,7881,128.0,0.0,14,0.012
Brijesh 2_EPOCX_782854_2026.04.22T11.37.41+05.30.md.bp.csv,OK,12965,128.0,0.0,14,0.037
Brijesh 3_EPOCX_782854_2026.04.22T11.40.11+05.30.md.bp.csv,OK,12769,128.0,0.0,14,0.017
Brijesh 4_EPOCX_782854_2026.04.22T11.42.43+05.30.md.bp.csv,OK,13077,128.0,0.0,14,0.013
bunny_EPOCX_780182_2026.04.19T12.19.03+05.30.md.bp.csv,OK,72921,128.0,0.0,14,0.018
dhanush H U_EPOCX_778793_2026.04.17T12.08.25+05.30.md.bp.csv,OK,91457,128.0,0.0,14,0.017
Dhrshan G_EPOCX_777672_2026.04.16T14.53.42+05.30.md.bp.csv,OK,95279,128.0,0.0,14,0.008
Lakshmi_EPOCX_587822_2026.04.22T15.06.14+05.30.md.bp.csv,OK,71621,128.0,0.0,14,0.002
Maanya_EPOCX_587822_2026.04.28T15.55.16+05.30.md.bp.csv,OK,102853,128.0,0.0,13,0.032
manu_EPOCX_587822_2026.04.17T15.00.49+05.30.md.bp.csv,OK,64332,128.0,0.0,14,0.003
niranjan k_EPOCX_784239_2026.04.23T10.09.05+05.30.md.bp.csv,OK,99433,128.0,0.0,14,0.027
Nishanth_EPOCX_587822_2026.04.16T15.21.40+05.30.md.bp.csv,OK,85101,128.0,0.0,14,0.012
nitish_EPOCX_779486_2026.04.18T11.41.15+05.30.md.bp.csv,OK,77729,128.0,0.0,14,0.001
Pragati_EPOCX_587822_2026.04.23T15.08.03+05.30.md.bp.csv,OK,81791,128.0,0.0,14,0.012
prajesh_EPOCX_587822_2026.04.17T16.02.42+05.30.md.bp.csv,OK,81693,128.0,0.0,14,0.015
Prathap_EPOCX_587822_2026.04.17T14.13.21+05.30.md.bp.csv,OK,83706,128.0,0.0,14,0.008
rahul jain_EPOCX_777638_2026.04.16T14.29.35+05.30.md.bp.csv,OK,106697,128.0,0.0,14,0.002
revanth reddy_EPOCX_780184_2026.04.19T12.33.43+05.30.md.bp.csv,OK,85637,128.0,0.0,14,0.009
rohith v_EPOCX_784187_2026.04.23T09.35.05+05.30.md.bp.csv,OK,85577,128.0,0.0,14,0.019
Sanjay_EPOCX_587822_2026.04.24T10.14.17+05.30.md.bp.csv,OK,81125,128.0,0.0,14,0.022
sankalp_EPOCX_781901_2026.04.21T11.32.13+05.30.md.bp.csv,OK,87413,128.0,0.0,14,0.011
shaina_EPOCX_587822_2026.04.23T16.11.13+05.30.md.bp.csv,OK,80133,128.0,0.0,14,0.017
Suhas_EPOCX_587822_2026.04.17T16.42.03+05.30.md.bp.csv,OK,47886,128.0,0.0,14,0.02
tharun karun_EPOCX_780185_2026.04.19T12.49.57+05.30.md.bp.csv,OK,94097,128.0,0.0,14,0.004
Uma H M_EPOCX_777408_2026.04.16T12.45.59+05.30.md.bp.csv,OK,88833,128.0,0.0,14,0.0
Venkat_EPOCX_587822_2026.04.17T17.02.16+05.30.md.bp.csv,OK,67523,128.0,0.0,14,0.004
yash raj_EPOCX_784305_2026.04.23T15.49.16+05.30.md.bp.csv,OK,92305,128.0,0.0,14,0.024
yashwanth_EPOCX_780183_2026.04.19T11.59.18+05.30.md.bp.csv,OK,94085,128.0,0.0,14,0.002
participant_10_EPOCX_790938_2026.04.29T22.02.51+05.30.md.pm.bp.csv,OK,176841,128.0,0.0,14,0.002
participant_13_EPOCX_799254_2026.05.08T21.55.12+05.30.md.pm.bp.csv,OK,132009,128.0,0.0,14,0.0
participant_11_EPOCX_791505_2026.04.30T14.37.30+05.30.md.pm.bp.csv,OK,138669,128.0,0.0,14,0.001
participant_12_EPOCX_799155_2026.05.08T21.00.50+05.30.md.pm.bp.csv,OK,207577,128.0,0.0,14,0.009
participant_15_EPOCX_803292_2026.05.16T21.55.45+05.30.md.pm.bp.csv,OK,115577,128.0,0.0,14,0.0
participant_1_EPOCX_781995_2026.04.21T17.06.15+05.30.md.pm.bp.csv,OK,114589,128.0,0.0,14,0.002
participant_2_EPOCX_783127_2026.04.22T16.58.55+05.30.md.pm.bp.csv,OK,178421,128.0,0.0,14,0.003
participant_3_EPOCX_784998_2026.04.23T23.26.02+05.30.md.pm.bp.csv,OK,123061,128.0,0.0,14,0.002
participant_4_EPOCX_785888_2026.04.24T22.31.37+05.30.md.pm.bp.csv,OK,137865,128.0,0.0,14,0.005
participant_5_EPOCX_785987_2026.04.24T23.56.07+05.30.md.pm.bp.csv,OK,230685,128.0,0.0,14,0.006
participant_6_EPOCX_788504_2026.04.28T12.15.48+05.30.md.pm.bp.csv,OK,132461,128.0,0.0,13,0.0
participant_7_EPOCX_789287_2026.04.28T22.19.37+05.30.md.pm.bp.csv,OK,169161,128.0,0.0,14,0.001
participant_8_EPOCX_790772_2026.04.29T20.49.00+05.30.md.pm.bp.csv,OK,158461,128.0,0.0,14,0.008
participant_9_EPOCX_790904_2026.04.29T21.25.19+05.30.md.pm.bp.csv,OK,123545,128.0,0.0,14,0.003
participant_14_EPOCX_800903_2026.05.11T23.31.10+05.30.md.pm.bp.csv,OK,92369,128.0,0.0,14,0.001
participant_10_EPOCX_790938_2026.04.29T22.02.51+05.30.md.csv,OK,176841,128.0,0.0,14,0.002
participant_12_EPOCX_799155_2026.05.08T21.00.50+05.30.md.csv,OK,207577,128.0,0.0,14,0.009
participant_4_EPOCX_785888_2026.04.24T22.31.37+05.30.md.csv,OK,137865,128.0,0.0,14,0.005
participant_8_EPOCX_790772_2026.04.29T20.49.00+05.30.md.csv,OK,158461,128.0,0.0,14,0.008
imagination_subjct9_EPOCX_792323_2026.05.01T00.46.31+05.30.md.csv,OK,31417,128.0,0.0,14,0.012
imagination_subject10_EPOCX_793790_2026.05.03T15.13.59+05.30.md.csv,OK,30033,128.0,0.0,14,0.002
imagination_subject11_EPOCX_793791_2026.05.03T15.28.45+05.30.md.csv,OK,30041,128.0,0.0,14,0.006
imagination_subject1_EPOCX_792159_2026.04.30T22.31.20+05.30.md.csv,OK,30961,128.0,0.0,14,0.005
imagination_subject3_EPOCX_792162_2026.04.30T23.21.18+05.30.md.csv,OK,31597,128.0,0.0,14,0.008
imagination_subject4_EPOCX_792191_2026.04.30T23.38.10+05.30.md.csv,OK,31617,128.0,0.0,12,0.016
imagination_subject7_EPOCX_792230_2026.05.01T00.10.41+05.30.md.csv,OK,32169,128.0,0.0,14,0.002
imagination_subject8_EPOCX_792257_2026.05.01T00.32.34+05.30.md.csv,OK,30545,128.0,0.0,9,0.003
imagintion_subject6_EPOCX_792227_2026.04.30T23.54.11+05.30.md.csv,OK,30269,128.0,0.0,12,0.0
imaginztion_subject13_EPOCX_793809_2026.05.03T15.52.44+05.30.md.csv,OK,29877,128.0,0.0,13,0.005
immagination_subject1_EPOCX_792160_2026.04.30T22.51.21+05.30.md.csv,OK,30445,128.0,0.0,14,0.003
participant_11_EPOCX_791505_2026.04.30T14.37.30+05.30.md.csv,OK,138669,128.0,0.0,14,0.001
participant_13_EPOCX_799254_2026.05.08T21.55.12+05.30.md.csv,OK,132009,128.0,0.0,14,0.0
participant_14_EPOCX_800903_2026.05.11T23.31.10+05.30.md.csv,OK,92369,128.0,0.0,14,0.001
participant_15_EPOCX_803292_2026.05.16T21.55.45+05.30.md.csv,OK,115577,128.0,0.0,14,0.0
participant_1_EPOCX_2026.04.21T17.06.15+05.30.md.csv,OK,114589,128.0,0.0,14,0.002
participant_2_EPOCX_783127_2026.04.22T16.58.55+05.30.md.csv,OK,178421,128.0,0.0,14,0.003
participant_3_EPOCX_784998_2026.04.23T23.26.02+05.30.md.csv,OK,123061,128.0,0.0,14,0.002
participant_5_EPOCX_785987_2026.04.24T23.56.07+05.30.md.csv,OK,230685,128.0,0.0,14,0.006
participant_6_EPOCX_788504_2026.04.28T12.15.48+05.30.md.csv,OK,132461,128.0,0.0,13,0.0
participant_7_EPOCX_789287_2026.04.28T22.19.37+05.30.md.csv,OK,169161,128.0,0.0,14,0.001
participant_9_EPOCX_790904_2026.04.29T21.25.19+05.30.md.csv,OK,123545,128.0,0.0,14,0.003
