session_id,participant_id,activity_type,score,total_questions,accuracy,high_performer,score_bin3,time_taken_seconds,n_trials_parsed,n_timed_out,started_at_raw,started_at_note,activity_start_unix_est,activity_end_unix_est,completed_at_raw
00510913-ef74-4317-8cec-1ed6b6810e26,9ba91b50-1617-4060-b1c1-bddeb2407671,memory,18,20,0.9,1,high,207,20,0,2026-02-15 14:42:06.141+00,THIS_IS_ACTIVITY_END_TIME,1771166319.0,1771166526.0,2026-02-15 14:42:06.672227+00
007d9942-c9fb-4fa4-9eb5-889c2c77d613,4b00bcd7-936b-42d2-99b5-c0b8b78272c9,arithmetic,8,10,0.8,1,high,82,10,0,2026-04-16 09:02:03.529+00,THIS_IS_ACTIVITY_END_TIME,1776330041.0,1776330123.0,2026-04-16 09:02:04.816098+00
028ffd2c-a993-4f69-b42e-b109e4c81c13,9ba91b50-1617-4060-b1c1-bddeb2407671,comprehension,7,10,0.7,1,mid,302,10,0,2026-02-15 14:47:42.329+00,THIS_IS_ACTIVITY_END_TIME,1771166560.0,1771166862.0,2026-02-15 14:47:43.658883+00
03883032-ec6c-45c2-9a33-8241f9ad85ab,4885d4b0-45a4-4809-93f1-b004dd932716,arithmetic,4,10,0.4,0,low,76,10,0,2026-04-16 07:19:56.27+00,THIS_IS_ACTIVITY_END_TIME,1776323920.0,1776323996.0,2026-04-16 07:19:57.153479+00
048ea53c-41bc-488c-a429-cb59ef2330b8,50e80c06-aaf0-4193-90cb-eb43ae74b701,memory,6,10,0.6,0,mid,97,10,0,2026-04-22 05:09:41.968+00,THIS_IS_ACTIVITY_END_TIME,1776834484.0,1776834581.0,2026-04-22 05:09:43.481039+00
05e7a833-b51f-4f80-b08c-e74849c6e93b,038c88b9-98c6-4009-810c-b905483f4baf,pattern,8,10,0.8,1,high,48,10,0,2026-04-22 09:39:07.745+00,THIS_IS_ACTIVITY_END_TIME,1776850699.0,1776850747.0,2026-04-22 09:39:08.116287+00
06826aa8-2102-4d15-ac5d-c0975ecd84f3,e1f19955-0fdb-4bdd-9131-707c165021f0,memory,6,10,0.6,0,mid,98,10,0,2026-04-21 08:48:00.221+00,THIS_IS_ACTIVITY_END_TIME,1776761182.0,1776761280.0,2026-04-21 08:48:00.940699+00
09317ad6-1a21-4207-9ddc-a19984e0ca52,15f6773b-607d-4409-a94f-78d24eac8e34,arithmetic,7,10,0.7,1,mid,67,10,0,2026-04-16 09:26:06.834+00,THIS_IS_ACTIVITY_END_TIME,1776331499.0,1776331566.0,2026-04-16 09:26:15.198549+00
0ce876b9-0bd2-4322-b1e7-ea5a8fc3edec,182b236c-a543-4d7f-b121-473dc33918f2,comprehension,10,10,1.0,1,high,97,10,0,2026-04-28 10:36:09.918+00,THIS_IS_ACTIVITY_END_TIME,1777372472.0,1777372569.0,2026-04-28 10:36:10.272967+00
0d285f67-b953-4f30-9474-19804ccb9d6d,a32edb5b-8092-4f01-add0-35bbaf8e88b3,arithmetic,6,10,0.6,0,mid,46,10,0,2026-04-24 04:47:35.55+00,THIS_IS_ACTIVITY_END_TIME,1777006009.0,1777006055.0,2026-04-24 04:47:36.036871+00
0d5ffbda-cbd9-4234-909d-536a9dcc57b8,617c750a-6289-4403-8ead-1ee0ff4fcf88,comprehension,7,10,0.7,1,mid,169,10,0,2026-04-21 04:53:57.154+00,THIS_IS_ACTIVITY_END_TIME,1776747068.0,1776747237.0,2026-04-21 04:53:58.061357+00
0d898c25-96d2-4d4b-a3bf-ddb7783b14b5,a9fa0a9e-4c99-49b4-b75f-ba925babb6f9,attention,6,10,0.6,0,mid,96,10,0,2026-04-15 04:55:41.406+00,THIS_IS_ACTIVITY_END_TIME,1776228845.0,1776228941.0,2026-04-15 04:55:40.501123+00
0e415e0f-881d-4ed5-8b8a-480ccf0dcce2,38486085-f824-4b7b-82b0-ebfd7c8629e4,arithmetic,8,10,0.8,1,high,119,10,1,2026-04-21 10:44:49.357+00,THIS_IS_ACTIVITY_END_TIME,1776768170.0,1776768289.0,2026-04-21 10:44:49.934642+00
0e5d35a6-4dda-43af-9ce9-0c3fab99dff8,8c27a478-52f0-442d-a434-fe798e047585,comprehension,10,10,1.0,1,high,125,10,0,2026-04-23 10:28:50.436+00,THIS_IS_ACTIVITY_END_TIME,1776940005.0,1776940130.0,2026-04-23 10:28:50.222818+00
0eb773be-0f09-4eb8-960e-b1f02f628c69,3cebc90b-7bb9-4438-bb6d-00b1b897bdf9,arithmetic,5,10,0.5,0,mid,60,10,0,2026-04-30 10:14:17.092+00,THIS_IS_ACTIVITY_END_TIME,1777543997.0,1777544057.0,2026-04-30 10:14:17.543632+00
10bfc74a-0aa4-4b27-8d80-47c3d719c1a3,038c88b9-98c6-4009-810c-b905483f4baf,attention,8,10,0.8,1,high,84,10,0,2026-04-22 09:44:43.268+00,THIS_IS_ACTIVITY_END_TIME,1776850999.0,1776851083.0,2026-04-22 09:44:43.826627+00
11789692-2bf9-44ed-b95d-1b04a2dce8fd,4b00bcd7-936b-42d2-99b5-c0b8b78272c9,comprehension,10,10,1.0,1,high,198,10,0,2026-04-16 09:09:46.092+00,THIS_IS_ACTIVITY_END_TIME,1776330388.0,1776330586.0,2026-04-16 09:09:59.082249+00
121692ac-e45b-4e5b-a433-1d1dd73326fa,617c750a-6289-4403-8ead-1ee0ff4fcf88,comprehension,7,10,0.7,1,mid,169,10,0,2026-04-21 04:53:58.94+00,THIS_IS_ACTIVITY_END_TIME,1776747069.0,1776747238.0,2026-04-21 04:53:58.578892+00
141631a8-1dff-4e92-bfa5-f628d236d46c,b17134fc-8dcf-4a39-b251-3e8e95b21315,memory,10,10,1.0,1,high,94,10,0,2026-04-22 08:41:28.65+00,THIS_IS_ACTIVITY_END_TIME,1776847194.0,1776847288.0,2026-04-22 08:41:29.039238+00
14a7d0b8-9749-4498-bdaf-49365e9bcf43,4b00bcd7-936b-42d2-99b5-c0b8b78272c9,attention,7,10,0.7,1,mid,116,10,0,2026-04-16 09:12:24.264+00,THIS_IS_ACTIVITY_END_TIME,1776330628.0,1776330744.0,2026-04-16 09:12:36.550389+00
15ad6373-ccf7-4c0f-8d65-1bdbf603389b,c33adeeb-6609-4bd1-8fbc-9b3562dea1d0,pattern,8,10,0.8,1,high,55,10,0,2026-04-23 09:46:19.908+00,THIS_IS_ACTIVITY_END_TIME,1776937524.0,1776937579.0,2026-04-23 09:46:20.1082+00
15fe0aec-a408-40c6-a050-7fb14e1e57b9,8c27a478-52f0-442d-a434-fe798e047585,attention,7,10,0.7,1,mid,93,10,0,2026-04-23 10:30:50.626+00,THIS_IS_ACTIVITY_END_TIME,1776940157.0,1776940250.0,2026-04-23 10:30:50.38337+00
16203624-2026-49b2-8d75-3e5f6411e655,cbdba92c-9740-49a5-8627-91d15f9db8f9,arithmetic,6,10,0.6,0,mid,118,10,1,2026-04-13 07:15:28.989+00,THIS_IS_ACTIVITY_END_TIME,1776064410.0,1776064528.0,2026-04-13 07:15:30.660355+00
17f22ad3-f3d0-4e3a-97da-7cfbca42c0e5,4b00bcd7-936b-42d2-99b5-c0b8b78272c9,attention,7,10,0.7,1,mid,116,10,0,2026-04-16 09:12:42.991+00,THIS_IS_ACTIVITY_END_TIME,1776330646.0,1776330762.0,2026-04-16 09:12:46.040665+00
19359bcd-8122-44d4-874b-52529bd363ec,699dd060-e5d3-4dfb-bd49-1e58c9a7801d,pattern,7,10,0.7,1,mid,43,10,0,2026-04-18 06:14:47.544+00,THIS_IS_ACTIVITY_END_TIME,1776492844.0,1776492887.0,2026-04-18 06:14:48.15847+00
1981a944-0b90-4ed3-9e6a-d45ca19b404f,e1f19955-0fdb-4bdd-9131-707c165021f0,attention,5,10,0.5,0,mid,103,10,1,2026-04-21 08:55:20.503+00,THIS_IS_ACTIVITY_END_TIME,1776761617.0,1776761720.0,2026-04-21 08:55:21.221817+00
19b1c0c2-90e6-4f2d-b10d-b05d7cb1e12d,1a3a8d1d-950a-441c-a128-58d9d18de7bc,pattern,10,10,1.0,1,high,37,10,0,2026-04-23 04:09:29.755+00,THIS_IS_ACTIVITY_END_TIME,1776917332.0,1776917369.0,2026-04-23 04:09:29.80937+00
1a43bc66-9eb2-4277-bc83-12fb80a7fae0,d129448b-a4c5-49ee-9795-d4463d27334a,attention,8,10,0.8,1,high,91,10,0,2026-04-17 06:49:48.04+00,THIS_IS_ACTIVITY_END_TIME,1776408497.0,1776408588.0,2026-04-17 06:49:48.390967+00
1b341d41-f9e8-42e6-b1ce-57fede4bcf93,daa69244-ed2c-41a5-883b-3352a4c9284b,attention,4,10,0.4,0,low,99,10,1,2026-04-17 11:42:52.72+00,THIS_IS_ACTIVITY_END_TIME,1776426073.0,1776426172.0,2026-04-17 11:42:52.874889+00
1b6b1a9e-0dc9-4c88-8c32-588a387a7585,1a3a8d1d-950a-441c-a128-58d9d18de7bc,attention,10,10,1.0,1,high,86,10,0,2026-04-23 04:15:36.782+00,THIS_IS_ACTIVITY_END_TIME,1776917650.0,1776917736.0,2026-04-23 04:15:36.925013+00
1c3002e7-5c95-4868-bfeb-4a97afa57dfc,3cebc90b-7bb9-4438-bb6d-00b1b897bdf9,pattern,9,10,0.9,1,high,52,10,0,2026-04-30 10:15:33.123+00,THIS_IS_ACTIVITY_END_TIME,1777544081.0,1777544133.0,2026-04-30 10:15:33.476345+00
1cc2d90e-805d-46ca-97b6-e77711876de9,fed10af2-13dd-4f5a-9910-0c156c024547,memory,8,10,0.8,1,high,77,10,0,2026-04-23 10:47:56.817+00,THIS_IS_ACTIVITY_END_TIME,1776941199.0,1776941276.0,2026-04-23 10:47:56.613222+00
1d80e63c-60f5-445b-84d4-aa0dac4800e6,6f2c1a12-a0ec-4367-92f6-b0403cc5b56c,comprehension,6,10,0.6,0,mid,190,10,0,2026-04-19 07:29:42.638+00,THIS_IS_ACTIVITY_END_TIME,1776583592.0,1776583782.0,2026-04-19 07:29:43.49078+00
1eac5033-dd7d-42de-97e5-3336b322382a,1f689b55-55b1-4553-b9a0-f2b4d3f74b9e,memory,14,20,0.7,1,high,145,20,0,2026-02-14 20:29:36.81+00,THIS_IS_ACTIVITY_END_TIME,1771100831.0,1771100976.0,2026-02-14 20:29:36.886048+00
1f942500-b97c-4c36-bf8c-db76dabac319,b17134fc-8dcf-4a39-b251-3e8e95b21315,arithmetic,7,10,0.7,1,mid,90,10,0,2026-04-22 08:38:12.169+00,THIS_IS_ACTIVITY_END_TIME,1776847002.0,1776847092.0,2026-04-22 08:38:12.598004+00
2096a6a1-cd23-4d61-8eac-3d1712001b64,50e80c06-aaf0-4193-90cb-eb43ae74b701,pattern,8,10,0.8,1,high,59,10,0,2026-04-22 05:07:35.63+00,THIS_IS_ACTIVITY_END_TIME,1776834396.0,1776834455.0,2026-04-22 05:07:37.242866+00
20a033c6-4a02-4fd7-8da1-7b42889d9f8b,4b00bcd7-936b-42d2-99b5-c0b8b78272c9,comprehension,10,10,1.0,1,high,198,10,0,2026-04-16 09:09:51.077+00,THIS_IS_ACTIVITY_END_TIME,1776330393.0,1776330591.0,2026-04-16 09:09:59.116054+00
20ac445a-ff0c-4a22-9093-31db0b5555e1,4b00bcd7-936b-42d2-99b5-c0b8b78272c9,attention,7,10,0.7,1,mid,116,10,0,2026-04-16 09:12:45.194+00,THIS_IS_ACTIVITY_END_TIME,1776330649.0,1776330765.0,2026-04-16 09:12:46.278431+00
218a7b28-e618-4d5c-b4b4-0af84be011bc,4b00bcd7-936b-42d2-99b5-c0b8b78272c9,attention,7,10,0.7,1,mid,116,10,0,2026-04-16 09:12:44.847+00,THIS_IS_ACTIVITY_END_TIME,1776330648.0,1776330764.0,2026-04-16 09:12:46.279211+00
220ef695-d487-45a1-984e-902c2e8917f3,b60e1ae3-b420-4c8c-b2f5-fe145674e306,arithmetic,6,10,0.6,0,mid,54,10,0,2026-04-15 05:27:05.147+00,THIS_IS_ACTIVITY_END_TIME,1776230771.0,1776230825.0,2026-04-15 05:27:04.9427+00
22121288-a8e9-48ca-974f-2d645ceeb7a7,bef21b19-9f14-46fd-983e-519cd076d499,comprehension,10,10,1.0,1,high,124,10,0,2026-04-22 10:09:53.205+00,THIS_IS_ACTIVITY_END_TIME,1776852469.0,1776852593.0,2026-04-22 10:09:53.683476+00
23337499-3c33-4464-a197-0fa22b6a9da7,50e80c06-aaf0-4193-90cb-eb43ae74b701,arithmetic,8,10,0.8,1,high,68,10,0,2026-04-22 05:06:05.501+00,THIS_IS_ACTIVITY_END_TIME,1776834297.0,1776834365.0,2026-04-22 05:06:07.842978+00
23d15dbd-e26e-4e21-8995-cf130737c772,ad1b69f4-c7df-4d3a-bc43-55840a73478f,pattern,7,10,0.7,1,mid,80,10,0,2026-04-29 10:42:31.777+00,THIS_IS_ACTIVITY_END_TIME,1777459271.0,1777459351.0,2026-04-29 10:42:32.459569+00
25062e63-20ec-4f9e-aa21-acec77242b95,6d998d08-a10e-4432-b8a1-84e619128b08,memory,8,10,0.8,1,high,100,10,0,2026-04-27 03:36:00.864+00,THIS_IS_ACTIVITY_END_TIME,1777260860.0,1777260960.0,2026-04-27 03:36:01.612365+00
28a4dbfc-27f4-4108-918c-f51f4d24baea,617c750a-6289-4403-8ead-1ee0ff4fcf88,memory,7,10,0.7,1,mid,96,10,0,2026-04-21 04:50:31.22+00,THIS_IS_ACTIVITY_END_TIME,1776746935.0,1776747031.0,2026-04-21 04:50:32.857117+00
28a8b7f3-9b08-4161-b662-d1c0564e2299,7aff8ec5-acae-493c-a6b3-9d61b98ba0b4,memory,6,10,0.6,0,mid,93,10,0,2026-04-30 10:39:49.946+00,THIS_IS_ACTIVITY_END_TIME,1777545496.0,1777545589.0,2026-04-30 10:39:50.465604+00
2914d339-a6c1-41a8-9036-9250a6a72e46,4cfb4306-1fd2-4cac-b1a4-e605da568d7e,arithmetic,15,20,0.75,1,high,195,20,0,2026-02-20 10:05:05.368+00,THIS_IS_ACTIVITY_END_TIME,1771581710.0,1771581905.0,2026-02-20 10:05:07.802128+00
2a75afe5-2d54-4579-883c-6a1951163109,b60e1ae3-b420-4c8c-b2f5-fe145674e306,pattern,7,10,0.7,1,mid,57,10,0,2026-04-15 05:28:43.314+00,THIS_IS_ACTIVITY_END_TIME,1776230866.0,1776230923.0,2026-04-15 05:28:42.280224+00
2be75ff7-b141-4b66-a430-107fcd56cb9c,9ba91b50-1617-4060-b1c1-bddeb2407671,attention,18,20,0.9,1,high,196,20,0,2026-02-15 14:51:40.907+00,THIS_IS_ACTIVITY_END_TIME,1771166904.0,1771167100.0,2026-02-15 14:51:41.537126+00
2c0c2af0-53e1-495f-ae08-cbf7d5011cfc,077f1f73-3786-4d01-8c77-d40cf7f07ae1,arithmetic,6,10,0.6,0,mid,111,10,0,2026-04-21 06:05:24.92+00,THIS_IS_ACTIVITY_END_TIME,1776751413.0,1776751524.0,2026-04-21 06:05:26.235532+00
2c187428-6a73-4459-aab7-a990c4e399fa,1295d8c1-c3fa-424a-a3ac-86e227c3a8de,comprehension,4,10,0.4,0,low,50,10,0,2026-04-17 11:19:17.849+00,THIS_IS_ACTIVITY_END_TIME,1776424707.0,1776424757.0,2026-04-17 11:19:17.454699+00
2d2259ce-8912-4f8c-8113-21c617579166,cbdba92c-9740-49a5-8627-91d15f9db8f9,arithmetic,6,10,0.6,0,mid,118,10,1,2026-04-13 07:15:31.401+00,THIS_IS_ACTIVITY_END_TIME,1776064413.0,1776064531.0,2026-04-13 07:15:31.519782+00
2e21fde0-349b-489f-84ee-cc8f4f849cdb,41e7ea84-ede5-4a76-8176-b877187f4b39,memory,5,10,0.5,0,mid,104,10,0,2026-04-19 07:09:32.725+00,THIS_IS_ACTIVITY_END_TIME,1776582468.0,1776582572.0,2026-04-19 07:09:33.607487+00
2fe7f038-e5e9-462b-8103-f01c619013ec,077f1f73-3786-4d01-8c77-d40cf7f07ae1,arithmetic,6,10,0.6,0,mid,111,10,0,2026-04-21 06:05:26.246+00,THIS_IS_ACTIVITY_END_TIME,1776751415.0,1776751526.0,2026-04-21 06:05:26.234966+00
3006e03f-98d4-400c-ac9d-33eaa322ffa9,e1f19955-0fdb-4bdd-9131-707c165021f0,arithmetic,4,10,0.4,0,low,78,10,0,2026-04-21 08:43:42.444+00,THIS_IS_ACTIVITY_END_TIME,1776760944.0,1776761022.0,2026-04-21 08:43:43.34957+00
31f5b959-52f7-404b-9e91-6f7140bd2561,4b00bcd7-936b-42d2-99b5-c0b8b78272c9,attention,7,10,0.7,1,mid,116,10,0,2026-04-16 09:12:25.989+00,THIS_IS_ACTIVITY_END_TIME,1776330629.0,1776330745.0,2026-04-16 09:12:37.453744+00
3202a4ce-85ec-4e20-9b2c-5277587a75df,d103eb77-fd3d-4b89-83f1-4f34ec8d6123,pattern,7,10,0.7,1,mid,56,10,0,2026-04-17 08:47:21.759+00,THIS_IS_ACTIVITY_END_TIME,1776415585.0,1776415641.0,2026-04-17 08:47:23.083346+00
3430c539-5a63-41de-9f2e-8255901f169e,4b00bcd7-936b-42d2-99b5-c0b8b78272c9,attention,7,10,0.7,1,mid,116,10,0,2026-04-16 09:12:36.944+00,THIS_IS_ACTIVITY_END_TIME,1776330640.0,1776330756.0,2026-04-16 09:12:44.855226+00
34ca95cb-7949-45f6-8b92-d80e63a57b20,bef21b19-9f14-46fd-983e-519cd076d499,attention,8,10,0.8,1,high,97,10,0,2026-04-22 10:11:56.763+00,THIS_IS_ACTIVITY_END_TIME,1776852619.0,1776852716.0,2026-04-22 10:11:57.507737+00
3577a717-df49-4fb9-84df-68bbb19f5c4e,4cfb4306-1fd2-4cac-b1a4-e605da568d7e,comprehension,6,10,0.6,0,mid,244,10,0,2026-02-20 10:15:54.968+00,THIS_IS_ACTIVITY_END_TIME,1771582310.0,1771582554.0,2026-02-20 10:15:56.84372+00
359d8035-1c5d-480f-b160-2299347399de,1295d8c1-c3fa-424a-a3ac-86e227c3a8de,memory,5,10,0.5,0,mid,93,10,0,2026-04-17 11:17:59+00,THIS_IS_ACTIVITY_END_TIME,1776424586.0,1776424679.0,2026-04-17 11:17:58.472755+00
35d00595-630b-4cde-a58e-fffd53e4d134,d103eb77-fd3d-4b89-83f1-4f34ec8d6123,comprehension,10,10,1.0,1,high,136,10,0,2026-04-17 09:41:36.311+00,THIS_IS_ACTIVITY_END_TIME,1776418760.0,1776418896.0,2026-04-17 09:41:37.433379+00
371b0cd7-5af1-49bc-b30f-311bb280c38a,15f6773b-607d-4409-a94f-78d24eac8e34,attention,6,10,0.6,0,mid,90,10,0,2026-04-16 09:35:43.01+00,THIS_IS_ACTIVITY_END_TIME,1776332053.0,1776332143.0,2026-04-16 09:35:43.7798+00
371b6729-196f-4b3e-9fd2-23684c7373d5,d129448b-a4c5-49ee-9795-d4463d27334a,pattern,8,10,0.8,1,high,77,10,0,2026-04-17 06:43:41.641+00,THIS_IS_ACTIVITY_END_TIME,1776408144.0,1776408221.0,2026-04-17 06:43:42.48084+00
37201ffc-db1b-449b-a6f1-3aa023b3dd59,1295d8c1-c3fa-424a-a3ac-86e227c3a8de,pattern,5,10,0.5,0,mid,47,10,0,2026-04-17 11:16:04.024+00,THIS_IS_ACTIVITY_END_TIME,1776424517.0,1776424564.0,2026-04-17 11:16:03.603083+00
3770d229-419c-444a-8927-b45652808249,1d7969e9-9d81-4b61-b5a4-102cab269db4,comprehension,9,10,0.9,1,high,197,10,0,2026-04-16 10:24:13.085+00,THIS_IS_ACTIVITY_END_TIME,1776334856.0,1776335053.0,2026-04-16 10:24:13.862485+00
37f549f6-b92e-49fe-ba4f-348825f54897,699dd060-e5d3-4dfb-bd49-1e58c9a7801d,comprehension,5,10,0.5,0,mid,81,10,0,2026-04-18 06:18:44.105+00,THIS_IS_ACTIVITY_END_TIME,1776493043.0,1776493124.0,2026-04-18 06:18:44.86938+00
3c4ca53c-a28a-47f5-b4ac-1b24245a27e0,9ba91b50-1617-4060-b1c1-bddeb2407671,pattern,17,20,0.85,1,high,180,20,0,2026-02-15 14:37:48.295+00,THIS_IS_ACTIVITY_END_TIME,1771166088.0,1771166268.0,2026-02-15 14:37:49.19506+00
3c700702-d937-40c1-ac50-503345228661,077f1f73-3786-4d01-8c77-d40cf7f07ae1,comprehension,9,10,0.9,1,high,120,10,0,2026-04-21 06:11:12.024+00,THIS_IS_ACTIVITY_END_TIME,1776751752.0,1776751872.0,2026-04-21 06:11:11.849651+00
3cedf4bc-5454-4b79-947b-e3c08689d87a,daa69244-ed2c-41a5-883b-3352a4c9284b,pattern,9,10,0.9,1,high,55,10,0,2026-04-17 11:36:55.091+00,THIS_IS_ACTIVITY_END_TIME,1776425760.0,1776425815.0,2026-04-17 11:36:55.189416+00
3ea8ce59-a737-4669-b3e0-107c040b36ce,1a3a8d1d-950a-441c-a128-58d9d18de7bc,arithmetic,8,10,0.8,1,high,53,10,0,2026-04-23 04:08:29.36+00,THIS_IS_ACTIVITY_END_TIME,1776917256.0,1776917309.0,2026-04-23 04:08:29.803612+00
3f4c0e06-b2e1-4e94-a2c0-47fdc9d5d45c,d103eb77-fd3d-4b89-83f1-4f34ec8d6123,attention,8,10,0.8,1,high,101,10,0,2026-04-17 08:54:58.724+00,THIS_IS_ACTIVITY_END_TIME,1776415997.0,1776416098.0,2026-04-17 08:54:59.985714+00
3f9ae9d6-da10-42a8-83b9-0407c0cc0cb0,4cfb4306-1fd2-4cac-b1a4-e605da568d7e,memory,13,20,0.65,1,high,190,20,0,2026-02-20 10:11:29.564+00,THIS_IS_ACTIVITY_END_TIME,1771582099.0,1771582289.0,2026-02-20 10:11:31.863457+00
402f175d-135e-4e67-9c0d-ed210d86a523,cbdba92c-9740-49a5-8627-91d15f9db8f9,attention,6,10,0.6,0,mid,108,10,1,2026-04-13 07:25:38.184+00,THIS_IS_ACTIVITY_END_TIME,1776065030.0,1776065138.0,2026-04-13 07:25:38.546327+00
404ede79-9400-470f-80ec-2776b1c1cfea,fed10af2-13dd-4f5a-9910-0c156c024547,attention,9,10,0.9,1,high,91,10,0,2026-04-23 10:51:15.881+00,THIS_IS_ACTIVITY_END_TIME,1776941384.0,1776941475.0,2026-04-23 10:51:15.61701+00
40fa09f9-d11e-4668-9513-b6831d3033cc,15f6773b-607d-4409-a94f-78d24eac8e34,arithmetic,7,10,0.7,1,mid,67,10,0,2026-04-16 09:26:07.66+00,THIS_IS_ACTIVITY_END_TIME,1776331500.0,1776331567.0,2026-04-16 09:26:15.162461+00
4116d559-c89c-4700-a8e6-e0b2b0810165,50e80c06-aaf0-4193-90cb-eb43ae74b701,memory,6,10,0.6,0,mid,97,10,0,2026-04-22 05:09:40.735+00,THIS_IS_ACTIVITY_END_TIME,1776834483.0,1776834580.0,2026-04-22 05:09:42.457998+00
41caa39c-412f-405b-9bd5-602e1ca2557a,d103eb77-fd3d-4b89-83f1-4f34ec8d6123,arithmetic,7,10,0.7,1,mid,81,10,0,2026-04-17 08:46:02.365+00,THIS_IS_ACTIVITY_END_TIME,1776415481.0,1776415562.0,2026-04-17 08:46:03.958542+00
4663d7b6-ac89-4877-96d0-00fa9c6b45f6,182b236c-a543-4d7f-b121-473dc33918f2,attention,6,10,0.6,0,mid,94,10,0,2026-04-28 10:38:08.654+00,THIS_IS_ACTIVITY_END_TIME,1777372594.0,1777372688.0,2026-04-28 10:38:09.062353+00
474cb586-d436-494b-b176-7a53b13a541c,182b236c-a543-4d7f-b121-473dc33918f2,pattern,8,10,0.8,1,high,82,10,0,2026-04-28 10:32:10.717+00,THIS_IS_ACTIVITY_END_TIME,1777372248.0,1777372330.0,2026-04-28 10:32:11.433181+00
48a34fe8-8df7-4db3-949e-412c517440fc,1295d8c1-c3fa-424a-a3ac-86e227c3a8de,attention,5,10,0.5,0,mid,88,10,0,2026-04-17 11:21:07.022+00,THIS_IS_ACTIVITY_END_TIME,1776424779.0,1776424867.0,2026-04-17 11:21:06.526574+00
4a15235c-2d35-4dce-8962-0a8b23c2f134,1a3a8d1d-950a-441c-a128-58d9d18de7bc,memory,9,10,0.9,1,high,84,10,0,2026-04-23 04:11:14.462+00,THIS_IS_ACTIVITY_END_TIME,1776917390.0,1776917474.0,2026-04-23 04:11:14.651426+00
4e7586e9-9a6a-49b2-8088-fb394e670d99,4b00bcd7-936b-42d2-99b5-c0b8b78272c9,attention,7,10,0.7,1,mid,116,10,0,2026-04-16 09:12:25.668+00,THIS_IS_ACTIVITY_END_TIME,1776330629.0,1776330745.0,2026-04-16 09:12:39.353029+00
4ec4f191-34ce-4dfa-8e81-d23ddf116bf1,3cebc90b-7bb9-4438-bb6d-00b1b897bdf9,pattern,9,10,0.9,1,high,52,10,0,2026-04-30 10:15:31.89+00,THIS_IS_ACTIVITY_END_TIME,1777544079.0,1777544131.0,2026-04-30 10:15:32.734636+00
5068bd2a-99c9-4cda-bb01-618195372608,6d998d08-a10e-4432-b8a1-84e619128b08,pattern,6,10,0.6,0,mid,71,10,0,2026-04-27 03:33:43.429+00,THIS_IS_ACTIVITY_END_TIME,1777260752.0,1777260823.0,2026-04-27 03:33:44.149928+00
506e41c3-d7e2-4fe7-8df8-263060455616,38486085-f824-4b7b-82b0-ebfd7c8629e4,pattern,10,10,1.0,1,high,83,10,0,2026-04-21 10:46:37.7+00,THIS_IS_ACTIVITY_END_TIME,1776768314.0,1776768397.0,2026-04-21 10:46:38.172524+00
50e02c4c-72cc-48c2-af96-d42ff1547e01,a9fa0a9e-4c99-49b4-b75f-ba925babb6f9,arithmetic,7,10,0.7,1,mid,85,10,0,2026-04-15 04:46:54.978+00,THIS_IS_ACTIVITY_END_TIME,1776228329.0,1776228414.0,2026-04-15 04:46:54.595293+00
513dba5d-cdc1-47c9-8f9e-78c6921b8e92,bef21b19-9f14-46fd-983e-519cd076d499,memory,9,10,0.9,1,high,103,10,0,2026-04-22 10:07:26.509+00,THIS_IS_ACTIVITY_END_TIME,1776852343.0,1776852446.0,2026-04-22 10:07:26.981699+00
5280ef09-be2c-46b6-92c4-8aa010f2fbef,4b00bcd7-936b-42d2-99b5-c0b8b78272c9,attention,7,10,0.7,1,mid,116,10,0,2026-04-16 09:12:42.482+00,THIS_IS_ACTIVITY_END_TIME,1776330646.0,1776330762.0,2026-04-16 09:12:45.91229+00
5399690c-94f0-4dc5-a570-ac0ea7133f9c,8c27a478-52f0-442d-a434-fe798e047585,arithmetic,9,10,0.9,1,high,96,10,1,2026-04-23 10:23:24.818+00,THIS_IS_ACTIVITY_END_TIME,1776939708.0,1776939804.0,2026-04-23 10:23:24.905888+00
5471fd5e-a627-4825-bdc6-dd697f42def3,9c588e1c-b67d-4964-9795-ff4e62e1f292,attention,9,10,0.9,1,high,85,10,0,2026-04-19 06:58:04.869+00,THIS_IS_ACTIVITY_END_TIME,1776581799.0,1776581884.0,2026-04-19 06:58:05.708739+00
549480bb-7d99-48b8-8da6-c224c49ffa6a,9c588e1c-b67d-4964-9795-ff4e62e1f292,memory,10,10,1.0,1,high,85,10,0,2026-04-19 06:54:20.989+00,THIS_IS_ACTIVITY_END_TIME,1776581575.0,1776581660.0,2026-04-19 06:54:22.021491+00
554d2f8b-a0ee-49b4-bbc1-3f21d8b33ed2,d103eb77-fd3d-4b89-83f1-4f34ec8d6123,comprehension,10,10,1.0,1,high,187,10,0,2026-04-17 08:52:56.154+00,THIS_IS_ACTIVITY_END_TIME,1776415789.0,1776415976.0,2026-04-17 08:52:57.440178+00
55cc481f-e770-48ae-ae17-0e3f3301b0f4,4b00bcd7-936b-42d2-99b5-c0b8b78272c9,attention,7,10,0.7,1,mid,116,10,0,2026-04-16 09:12:37.641+00,THIS_IS_ACTIVITY_END_TIME,1776330641.0,1776330757.0,2026-04-16 09:12:45.906358+00
57d7cc08-71d2-45b8-a319-f174d9de5a49,bef21b19-9f14-46fd-983e-519cd076d499,arithmetic,8,10,0.8,1,high,78,10,0,2026-04-22 10:03:09.154+00,THIS_IS_ACTIVITY_END_TIME,1776852111.0,1776852189.0,2026-04-22 10:03:10.637299+00
59728692-b1d4-41de-9996-128ebcc30d9c,6f2c1a12-a0ec-4367-92f6-b0403cc5b56c,attention,7,10,0.7,1,mid,93,10,0,2026-04-19 07:31:45.51+00,THIS_IS_ACTIVITY_END_TIME,1776583812.0,1776583905.0,2026-04-19 07:31:46.239281+00
59b71ec1-9864-40c6-9c43-fb7ec3896999,4b00bcd7-936b-42d2-99b5-c0b8b78272c9,attention,7,10,0.7,1,mid,116,10,0,2026-04-16 09:12:25.822+00,THIS_IS_ACTIVITY_END_TIME,1776330629.0,1776330745.0,2026-04-16 09:12:39.333473+00
5a048983-f692-4aa3-808f-ccbc5b0f1721,8c27a478-52f0-442d-a434-fe798e047585,memory,9,10,0.9,1,high,83,10,0,2026-04-23 10:26:23.463+00,THIS_IS_ACTIVITY_END_TIME,1776939900.0,1776939983.0,2026-04-23 10:26:23.23629+00
5a1de22d-6913-4e82-83d6-393acd767ce9,d103eb77-fd3d-4b89-83f1-4f34ec8d6123,memory,9,10,0.9,1,high,99,10,0,2026-04-17 08:49:24.495+00,THIS_IS_ACTIVITY_END_TIME,1776415665.0,1776415764.0,2026-04-17 08:49:25.683103+00
5a5c5d08-eb91-4cf2-a356-825aff650aa7,69c167cf-2224-4a55-adef-a54aa83f75c5,arithmetic,8,10,0.8,1,high,91,10,0,2026-04-23 04:43:18.194+00,THIS_IS_ACTIVITY_END_TIME,1776919307.0,1776919398.0,2026-04-23 04:43:19.07013+00
5b7d76ff-6f51-48d6-a010-4fa6709afa51,6d998d08-a10e-4432-b8a1-84e619128b08,arithmetic,7,10,0.7,1,mid,69,10,0,2026-04-27 03:31:49.37+00,THIS_IS_ACTIVITY_END_TIME,1777260640.0,1777260709.0,2026-04-27 03:31:51.209862+00
5c2dcb40-0601-4865-868c-505d6783be96,e1f19955-0fdb-4bdd-9131-707c165021f0,pattern,4,10,0.4,0,low,81,10,0,2026-04-21 08:45:35.516+00,THIS_IS_ACTIVITY_END_TIME,1776761054.0,1776761135.0,2026-04-21 08:45:36.217276+00
5c6a24d5-b160-46d4-b9f4-3d5dcf2e3986,a32edb5b-8092-4f01-add0-35bbaf8e88b3,comprehension,8,10,0.8,1,high,71,10,0,2026-04-24 04:52:23.178+00,THIS_IS_ACTIVITY_END_TIME,1777006272.0,1777006343.0,2026-04-24 04:52:23.821277+00
5d3e3c2c-e16d-4769-9f06-7e31739e1a9a,4b00bcd7-936b-42d2-99b5-c0b8b78272c9,attention,7,10,0.7,1,mid,116,10,0,2026-04-16 09:12:37.093+00,THIS_IS_ACTIVITY_END_TIME,1776330641.0,1776330757.0,2026-04-16 09:12:44.883459+00
5d71daed-41b1-44dd-90a4-e8d318bf3949,ad1b69f4-c7df-4d3a-bc43-55840a73478f,arithmetic,4,10,0.4,0,low,80,10,0,2026-04-29 10:40:42.334+00,THIS_IS_ACTIVITY_END_TIME,1777459162.0,1777459242.0,2026-04-29 10:40:43.228947+00
606bf71d-e5ca-4bdc-b683-3857cdb7ee52,fed10af2-13dd-4f5a-9910-0c156c024547,comprehension,10,10,1.0,1,high,64,10,0,2026-04-23 10:49:23.2+00,THIS_IS_ACTIVITY_END_TIME,1776941299.0,1776941363.0,2026-04-23 10:49:22.956287+00
60cb71ec-efcb-4593-bdb3-d193135028c2,4b00bcd7-936b-42d2-99b5-c0b8b78272c9,comprehension,10,10,1.0,1,high,198,10,0,2026-04-16 09:09:50.062+00,THIS_IS_ACTIVITY_END_TIME,1776330392.0,1776330590.0,2026-04-16 09:09:59.280484+00
616e090a-8ae0-441f-8fae-2d0a32725308,4cfb4306-1fd2-4cac-b1a4-e605da568d7e,attention,17,20,0.85,1,high,173,20,0,2026-02-20 10:19:14.998+00,THIS_IS_ACTIVITY_END_TIME,1771582581.0,1771582754.0,2026-02-20 10:19:16.32975+00
6233449f-7e85-4ac4-afca-2ba4f0d229d7,d129448b-a4c5-49ee-9795-d4463d27334a,arithmetic,6,10,0.6,0,mid,85,10,0,2026-04-17 06:41:59.226+00,THIS_IS_ACTIVITY_END_TIME,1776408034.0,1776408119.0,2026-04-17 06:41:59.655562+00
634ae0b8-90ee-4b44-a160-8172704d3eae,d103eb77-fd3d-4b89-83f1-4f34ec8d6123,memory,8,10,0.8,1,high,97,10,0,2026-04-17 09:38:54.685+00,THIS_IS_ACTIVITY_END_TIME,1776418637.0,1776418734.0,2026-04-17 09:38:55.845457+00
63dccf0a-a064-49ff-aa9f-75d0cbe164bb,d103eb77-fd3d-4b89-83f1-4f34ec8d6123,attention,10,10,1.0,1,high,102,10,0,2026-04-17 09:43:44.113+00,THIS_IS_ACTIVITY_END_TIME,1776418922.0,1776419024.0,2026-04-17 09:43:46.529745+00
646dd13c-8baa-422e-8b67-ebbb4f72c5d5,41e7ea84-ede5-4a76-8176-b877187f4b39,pattern,7,10,0.7,1,mid,56,10,0,2026-04-19 07:07:13.969+00,THIS_IS_ACTIVITY_END_TIME,1776582377.0,1776582433.0,2026-04-19 07:07:14.825468+00
65d57c7d-fb47-4c7f-8401-3fb5581a5695,b17134fc-8dcf-4a39-b251-3e8e95b21315,attention,10,10,1.0,1,high,92,10,0,2026-04-22 08:45:24.905+00,THIS_IS_ACTIVITY_END_TIME,1776847432.0,1776847524.0,2026-04-22 08:45:25.236384+00
662cada2-8022-4075-9180-434a3f1ab33e,a32edb5b-8092-4f01-add0-35bbaf8e88b3,pattern,7,10,0.7,1,mid,61,10,0,2026-04-24 04:48:57.75+00,THIS_IS_ACTIVITY_END_TIME,1777006076.0,1777006137.0,2026-04-24 04:48:58.226083+00
66f644d4-2b35-4fb9-b423-bdaab0eeaf14,9ba91b50-1617-4060-b1c1-bddeb2407671,arithmetic,16,20,0.8,1,high,194,20,0,2026-02-15 14:33:57.717+00,THIS_IS_ACTIVITY_END_TIME,1771165843.0,1771166037.0,2026-02-15 14:33:58.617471+00
66fb6d1d-95f3-46ec-96b5-92184d17b832,1d7969e9-9d81-4b61-b5a4-102cab269db4,arithmetic,7,10,0.7,1,mid,140,10,1,2026-04-16 10:16:35.053+00,THIS_IS_ACTIVITY_END_TIME,1776334455.0,1776334595.0,2026-04-16 10:16:36.54004+00
67097754-7ade-40be-9aa5-ec6b9c08caa4,38486085-f824-4b7b-82b0-ebfd7c8629e4,memory,8,10,0.8,1,high,94,10,0,2026-04-21 10:48:40.533+00,THIS_IS_ACTIVITY_END_TIME,1776768426.0,1776768520.0,2026-04-21 10:48:41.116213+00
6713ad2e-b8cf-40ec-b600-4a6015253fb5,4b00bcd7-936b-42d2-99b5-c0b8b78272c9,attention,7,10,0.7,1,mid,116,10,0,2026-04-16 09:12:42.777+00,THIS_IS_ACTIVITY_END_TIME,1776330646.0,1776330762.0,2026-04-16 09:12:45.977895+00
67776204-5766-4893-a744-a15d0c2c0385,4b00bcd7-936b-42d2-99b5-c0b8b78272c9,attention,7,10,0.7,1,mid,116,10,0,2026-04-16 09:12:33.914+00,THIS_IS_ACTIVITY_END_TIME,1776330637.0,1776330753.0,2026-04-16 09:12:42.999482+00
67c03398-8c80-40e2-9247-a44e87d71b42,4b00bcd7-936b-42d2-99b5-c0b8b78272c9,comprehension,10,10,1.0,1,high,198,10,0,2026-04-16 09:09:49.137+00,THIS_IS_ACTIVITY_END_TIME,1776330391.0,1776330589.0,2026-04-16 09:09:59.546157+00
68061eba-4f4c-4250-a384-d908f9a76142,c33adeeb-6609-4bd1-8fbc-9b3562dea1d0,comprehension,10,10,1.0,1,high,101,10,0,2026-04-23 09:44:24.608+00,THIS_IS_ACTIVITY_END_TIME,1776937363.0,1776937464.0,2026-04-23 09:44:25.086432+00
6b00dc66-f1a5-442a-aebc-d62cb8e49492,3cebc90b-7bb9-4438-bb6d-00b1b897bdf9,memory,8,10,0.8,1,high,85,10,0,2026-04-30 10:17:20.972+00,THIS_IS_ACTIVITY_END_TIME,1777544155.0,1777544240.0,2026-04-30 10:17:21.310292+00
6b1fe444-8fe6-4e94-b715-8fd005e493f2,daa69244-ed2c-41a5-883b-3352a4c9284b,memory,9,10,0.9,1,high,84,10,0,2026-04-17 11:38:43.815+00,THIS_IS_ACTIVITY_END_TIME,1776425839.0,1776425923.0,2026-04-17 11:38:44.043933+00
6bdc9ea1-0d5b-40a1-9e02-7327f4d2467b,6f2c1a12-a0ec-4367-92f6-b0403cc5b56c,arithmetic,4,10,0.4,0,low,74,10,0,2026-04-19 07:22:27.553+00,THIS_IS_ACTIVITY_END_TIME,1776583273.0,1776583347.0,2026-04-19 07:22:28.558453+00
6c39c424-1496-4652-889f-e9fde54a1286,a9fa0a9e-4c99-49b4-b75f-ba925babb6f9,comprehension,9,10,0.9,1,high,163,10,0,2026-04-15 04:53:30.257+00,THIS_IS_ACTIVITY_END_TIME,1776228647.0,1776228810.0,2026-04-15 04:53:29.802969+00
6d4e1dc0-2303-43b0-ac3d-8a2aa7ab16a0,7aff8ec5-acae-493c-a6b3-9d61b98ba0b4,attention,6,10,0.6,0,mid,101,10,0,2026-04-30 10:44:27.471+00,THIS_IS_ACTIVITY_END_TIME,1777545766.0,1777545867.0,2026-04-30 10:44:28.472108+00
6dc40edf-a933-472f-bb99-9e51973a7fe0,50d2e6aa-24c6-4d68-8bb3-f3b2f03f9b50,pattern,9,10,0.9,1,high,67,10,0,2026-04-16 07:44:31.278+00,THIS_IS_ACTIVITY_END_TIME,1776325404.0,1776325471.0,2026-04-16 07:44:32.184952+00
6dc9bd41-40ff-403e-ab4c-357c39371d6c,489aeec3-5823-4e43-9ca6-e34ae73136ad,comprehension,8,10,0.8,1,high,170,10,0,2026-04-19 06:38:44.444+00,THIS_IS_ACTIVITY_END_TIME,1776580554.0,1776580724.0,2026-04-19 06:38:45.47128+00
6ed5cc42-ec96-4ee2-8dae-5442e47f2154,15f6773b-607d-4409-a94f-78d24eac8e34,arithmetic,7,10,0.7,1,mid,67,10,0,2026-04-16 09:26:04.921+00,THIS_IS_ACTIVITY_END_TIME,1776331497.0,1776331564.0,2026-04-16 09:26:14.563025+00
709f15c4-9859-4222-a0ae-b2759c93cb49,4b00bcd7-936b-42d2-99b5-c0b8b78272c9,attention,7,10,0.7,1,mid,116,10,0,2026-04-16 09:12:33.777+00,THIS_IS_ACTIVITY_END_TIME,1776330637.0,1776330753.0,2026-04-16 09:12:39.357191+00
70a6bab4-c9b9-4c2a-bfeb-a7da151a2ac0,182b236c-a543-4d7f-b121-473dc33918f2,comprehension,10,10,1.0,1,high,97,10,0,2026-04-28 10:36:08.618+00,THIS_IS_ACTIVITY_END_TIME,1777372471.0,1777372568.0,2026-04-28 10:36:09.183014+00
725bf01b-d660-42a4-a201-44dd8e2b8a93,4b00bcd7-936b-42d2-99b5-c0b8b78272c9,attention,7,10,0.7,1,mid,116,10,0,2026-04-16 09:12:34.266+00,THIS_IS_ACTIVITY_END_TIME,1776330638.0,1776330754.0,2026-04-16 09:12:42.670979+00
729930ca-6de6-4759-b57b-3f476b0360a5,4885d4b0-45a4-4809-93f1-b004dd932716,arithmetic,4,10,0.4,0,low,76,10,0,2026-04-16 07:19:53.748+00,THIS_IS_ACTIVITY_END_TIME,1776323917.0,1776323993.0,2026-04-16 07:19:56.413094+00
73daa1ce-6bb9-4892-a228-1f928a4c38d3,41e7ea84-ede5-4a76-8176-b877187f4b39,arithmetic,3,10,0.3,0,low,43,10,0,2026-04-19 07:05:42.406+00,THIS_IS_ACTIVITY_END_TIME,1776582299.0,1776582342.0,2026-04-19 07:05:43.391294+00
745a46b1-8573-44a9-9116-1a344d294d1f,4b00bcd7-936b-42d2-99b5-c0b8b78272c9,attention,7,10,0.7,1,mid,116,10,0,2026-04-16 09:12:36.306+00,THIS_IS_ACTIVITY_END_TIME,1776330640.0,1776330756.0,2026-04-16 09:12:44.521196+00
75bd3c97-84f9-4b91-8780-b52a34a77da2,1d7969e9-9d81-4b61-b5a4-102cab269db4,memory,6,10,0.6,0,mid,91,10,0,2026-04-16 10:20:30.912+00,THIS_IS_ACTIVITY_END_TIME,1776334739.0,1776334830.0,2026-04-16 10:20:31.867159+00
761536e4-ea4c-4aac-af18-5135ca0dc461,b17134fc-8dcf-4a39-b251-3e8e95b21315,comprehension,10,10,1.0,1,high,91,10,0,2026-04-22 08:43:26.545+00,THIS_IS_ACTIVITY_END_TIME,1776847315.0,1776847406.0,2026-04-22 08:43:27.152104+00
76ccc015-f403-478e-8aad-2dd76e2f2451,38486085-f824-4b7b-82b0-ebfd7c8629e4,comprehension,9,10,0.9,1,high,69,10,0,2026-04-21 10:50:22.111+00,THIS_IS_ACTIVITY_END_TIME,1776768553.0,1776768622.0,2026-04-21 10:50:22.530235+00
774cf6b4-6498-424a-8c12-9c08e3d09ca6,50d2e6aa-24c6-4d68-8bb3-f3b2f03f9b50,attention,6,10,0.6,0,mid,107,10,2,2026-04-16 07:54:01.988+00,THIS_IS_ACTIVITY_END_TIME,1776325934.0,1776326041.0,2026-04-16 07:54:03.049694+00
79869f7a-246d-40f3-ac2e-d7c2aa7fa9b8,077f1f73-3786-4d01-8c77-d40cf7f07ae1,memory,9,10,0.9,1,high,80,10,0,2026-04-21 06:08:48.214+00,THIS_IS_ACTIVITY_END_TIME,1776751648.0,1776751728.0,2026-04-21 06:08:48.150737+00
79e589f6-3d82-447f-bdd5-c37af4c4a824,cbdba92c-9740-49a5-8627-91d15f9db8f9,comprehension,10,10,1.0,1,high,194,10,0,2026-04-13 07:23:20.807+00,THIS_IS_ACTIVITY_END_TIME,1776064806.0,1776065000.0,2026-04-13 07:23:21.15987+00
7aeab8ae-dd46-45c4-b652-ee2ad7779acc,b60e1ae3-b420-4c8c-b2f5-fe145674e306,comprehension,9,10,0.9,1,high,183,10,0,2026-04-15 05:34:33.984+00,THIS_IS_ACTIVITY_END_TIME,1776231090.0,1776231273.0,2026-04-15 05:34:33.126323+00
7b7e2d4d-5c22-4c94-8e83-69abd22a650e,15f6773b-607d-4409-a94f-78d24eac8e34,memory,9,10,0.9,1,high,94,10,0,2026-04-16 09:29:57.567+00,THIS_IS_ACTIVITY_END_TIME,1776331703.0,1776331797.0,2026-04-16 09:29:58.555919+00
7bb1f07c-0d7f-47f0-9d7e-26fb4aea80a9,41e7ea84-ede5-4a76-8176-b877187f4b39,comprehension,7,10,0.7,1,mid,111,10,0,2026-04-19 07:12:05.246+00,THIS_IS_ACTIVITY_END_TIME,1776582614.0,1776582725.0,2026-04-19 07:12:06.177232+00
829c8699-ea6e-47ad-a1e5-1c2716c41576,4b00bcd7-936b-42d2-99b5-c0b8b78272c9,attention,7,10,0.7,1,mid,116,10,0,2026-04-16 09:12:34.053+00,THIS_IS_ACTIVITY_END_TIME,1776330638.0,1776330754.0,2026-04-16 09:12:43.016907+00
835cf2c8-e6ab-4840-982b-fda5b869547f,a9fa0a9e-4c99-49b4-b75f-ba925babb6f9,pattern,10,10,1.0,1,high,51,10,0,2026-04-15 04:48:20.805+00,THIS_IS_ACTIVITY_END_TIME,1776228449.0,1776228500.0,2026-04-15 04:48:19.813108+00
841853e5-8ed3-4aa3-9c01-f6418d04ba0f,489aeec3-5823-4e43-9ca6-e34ae73136ad,arithmetic,5,10,0.5,0,mid,57,10,0,2026-04-19 06:31:38.421+00,THIS_IS_ACTIVITY_END_TIME,1776580241.0,1776580298.0,2026-04-19 06:31:39.616971+00
86282a9e-8bec-468f-b228-76dc1e8af636,daa69244-ed2c-41a5-883b-3352a4c9284b,comprehension,10,10,1.0,1,high,97,10,0,2026-04-17 11:40:47.682+00,THIS_IS_ACTIVITY_END_TIME,1776425950.0,1776426047.0,2026-04-17 11:40:48.045753+00
881e5a8a-e53a-42bf-916a-82119e5ca01b,caa4b854-4eea-4177-a19c-2d0f4929874e,pattern,8,10,0.8,1,high,67,10,0,2026-04-16 09:47:08.838+00,THIS_IS_ACTIVITY_END_TIME,1776332761.0,1776332828.0,2026-04-16 09:47:09.630784+00
8836d56e-a3dc-42e5-9a64-d9a6f433ea40,50d2e6aa-24c6-4d68-8bb3-f3b2f03f9b50,memory,7,10,0.7,1,mid,129,10,0,2026-04-16 07:47:12.641+00,THIS_IS_ACTIVITY_END_TIME,1776325503.0,1776325632.0,2026-04-16 07:47:13.74595+00
89602905-8ef4-4dfd-9054-a5aaa4294586,489aeec3-5823-4e43-9ca6-e34ae73136ad,attention,8,10,0.8,1,high,98,10,0,2026-04-19 06:40:56.688+00,THIS_IS_ACTIVITY_END_TIME,1776580758.0,1776580856.0,2026-04-19 06:40:57.619008+00
8a601f6c-0bbd-4b37-a868-db50c3c896f0,4b00bcd7-936b-42d2-99b5-c0b8b78272c9,attention,7,10,0.7,1,mid,116,10,0,2026-04-16 09:12:37.253+00,THIS_IS_ACTIVITY_END_TIME,1776330641.0,1776330757.0,2026-04-16 09:12:44.899993+00
8a784138-936e-4c2e-9474-971f2066d542,ad1b69f4-c7df-4d3a-bc43-55840a73478f,comprehension,10,10,1.0,1,high,151,10,0,2026-04-29 10:47:30.483+00,THIS_IS_ACTIVITY_END_TIME,1777459499.0,1777459650.0,2026-04-29 10:47:31.360113+00
8b2f108d-5f8b-4297-bcf0-3cf0040a1885,038c88b9-98c6-4009-810c-b905483f4baf,arithmetic,4,10,0.4,0,low,68,10,0,2026-04-22 09:37:50.323+00,THIS_IS_ACTIVITY_END_TIME,1776850602.0,1776850670.0,2026-04-22 09:37:52.474815+00
8cd6bf72-ef62-4304-9bb7-700132af267b,15f6773b-607d-4409-a94f-78d24eac8e34,pattern,9,10,0.9,1,high,71,10,0,2026-04-16 09:27:55.702+00,THIS_IS_ACTIVITY_END_TIME,1776331604.0,1776331675.0,2026-04-16 09:27:56.631641+00
8efaf612-566c-40e1-a937-cd6e8ef97e42,caa4b854-4eea-4177-a19c-2d0f4929874e,memory,8,10,0.8,1,high,91,10,0,2026-04-16 09:49:10.61+00,THIS_IS_ACTIVITY_END_TIME,1776332859.0,1776332950.0,2026-04-16 09:49:11.571048+00
8f6065e7-2f9a-4114-9125-a82cdd57e406,6d998d08-a10e-4432-b8a1-84e619128b08,attention,6,10,0.6,0,mid,101,10,0,2026-04-27 03:40:42.316+00,THIS_IS_ACTIVITY_END_TIME,1777261141.0,1777261242.0,2026-04-27 03:40:42.956003+00
92b3dcc4-efd9-40bb-85c4-cb7456940ff2,699dd060-e5d3-4dfb-bd49-1e58c9a7801d,attention,3,10,0.3,0,low,98,10,1,2026-04-18 06:20:54.921+00,THIS_IS_ACTIVITY_END_TIME,1776493156.0,1776493254.0,2026-04-18 06:20:55.568766+00
93fd8d7b-5281-4fc9-8c4e-71bb2cebbc54,d129448b-a4c5-49ee-9795-d4463d27334a,comprehension,9,10,0.9,1,high,111,10,0,2026-04-17 06:47:49.352+00,THIS_IS_ACTIVITY_END_TIME,1776408358.0,1776408469.0,2026-04-17 06:47:49.805735+00
9696b2f0-b66f-4e33-9c8c-193cfb1c33ea,15f6773b-607d-4409-a94f-78d24eac8e34,arithmetic,7,10,0.7,1,mid,67,10,0,2026-04-16 09:26:09.583+00,THIS_IS_ACTIVITY_END_TIME,1776331502.0,1776331569.0,2026-04-16 09:26:15.155952+00
969cb08a-288a-46f6-a185-ab7623c35654,15f6773b-607d-4409-a94f-78d24eac8e34,comprehension,7,10,0.7,1,mid,182,10,0,2026-04-16 09:33:39.886+00,THIS_IS_ACTIVITY_END_TIME,1776331837.0,1776332019.0,2026-04-16 09:33:41.104876+00
9745f830-ced7-44b6-b406-d734b8b3b448,15f6773b-607d-4409-a94f-78d24eac8e34,arithmetic,7,10,0.7,1,mid,67,10,0,2026-04-16 09:26:09.785+00,THIS_IS_ACTIVITY_END_TIME,1776331502.0,1776331569.0,2026-04-16 09:26:15.110962+00
97aa9aa3-6d45-4aeb-99c8-2f97a19597e0,4b00bcd7-936b-42d2-99b5-c0b8b78272c9,attention,7,10,0.7,1,mid,116,10,0,2026-04-16 09:12:44.62+00,THIS_IS_ACTIVITY_END_TIME,1776330648.0,1776330764.0,2026-04-16 09:12:46.144648+00
97d3ce7d-78b5-41f5-92a5-9937e5a26dd7,182b236c-a543-4d7f-b121-473dc33918f2,memory,5,10,0.5,0,mid,92,10,0,2026-04-28 10:34:09.118+00,THIS_IS_ACTIVITY_END_TIME,1777372357.0,1777372449.0,2026-04-28 10:34:09.570076+00
98482188-e04b-4adf-935e-2a68b90b64f2,6d998d08-a10e-4432-b8a1-84e619128b08,comprehension,7,10,0.7,1,mid,98,10,0,2026-04-27 03:38:23.718+00,THIS_IS_ACTIVITY_END_TIME,1777261005.0,1777261103.0,2026-04-27 03:38:24.379595+00
987a35c0-b67a-45d5-b91e-604d0d6a6e47,c33adeeb-6609-4bd1-8fbc-9b3562dea1d0,attention,7,10,0.7,1,mid,97,10,1,2026-04-23 09:53:04.821+00,THIS_IS_ACTIVITY_END_TIME,1776937887.0,1776937984.0,2026-04-23 09:53:05.169572+00
98dd963a-b2fb-4be1-8c42-c03c29dc1c0b,8c27a478-52f0-442d-a434-fe798e047585,memory,9,10,0.9,1,high,83,10,0,2026-04-23 10:26:24.242+00,THIS_IS_ACTIVITY_END_TIME,1776939901.0,1776939984.0,2026-04-23 10:26:23.851614+00
99583587-20c6-4b9b-91a6-01a5e5a10217,4cfb4306-1fd2-4cac-b1a4-e605da568d7e,pattern,17,20,0.85,1,high,136,20,0,2026-02-20 10:07:54.737+00,THIS_IS_ACTIVITY_END_TIME,1771581938.0,1771582074.0,2026-02-20 10:07:56.222401+00
99db0a78-5f52-49c7-863b-40c0796c1693,c33adeeb-6609-4bd1-8fbc-9b3562dea1d0,arithmetic,3,10,0.3,0,low,97,10,1,2026-04-23 09:50:53.339+00,THIS_IS_ACTIVITY_END_TIME,1776937756.0,1776937853.0,2026-04-23 09:50:53.517075+00
9abe7112-fb0b-4e54-b41d-32baac061f43,4b00bcd7-936b-42d2-99b5-c0b8b78272c9,attention,7,10,0.7,1,mid,116,10,0,2026-04-16 09:12:42.618+00,THIS_IS_ACTIVITY_END_TIME,1776330646.0,1776330762.0,2026-04-16 09:12:45.977388+00
9b12b6e4-26de-491e-88d1-310bb7d03077,a9fa0a9e-4c99-49b4-b75f-ba925babb6f9,comprehension,9,10,0.9,1,high,163,10,0,2026-04-15 04:53:31.396+00,THIS_IS_ACTIVITY_END_TIME,1776228648.0,1776228811.0,2026-04-15 04:53:30.311444+00
9b5d6c30-0ade-408c-8260-58b4ad72c765,d103eb77-fd3d-4b89-83f1-4f34ec8d6123,pattern,8,10,0.8,1,high,58,10,0,2026-04-17 10:36:17.589+00,THIS_IS_ACTIVITY_END_TIME,1776422119.0,1776422177.0,2026-04-17 10:36:18.630945+00
9b86cfdb-9643-449c-9dc2-f58f392ed409,182b236c-a543-4d7f-b121-473dc33918f2,arithmetic,7,10,0.7,1,mid,108,10,0,2026-04-28 10:30:18.849+00,THIS_IS_ACTIVITY_END_TIME,1777372110.0,1777372218.0,2026-04-28 10:30:19.644751+00
9c326172-3f68-47f4-be39-b80960ba7845,4885d4b0-45a4-4809-93f1-b004dd932716,comprehension,7,10,0.7,1,mid,87,10,0,2026-04-16 07:25:24.363+00,THIS_IS_ACTIVITY_END_TIME,1776324237.0,1776324324.0,2026-04-16 07:25:25.280915+00
9c5fadcc-27cc-47b5-9459-eeecc77716e2,077f1f73-3786-4d01-8c77-d40cf7f07ae1,pattern,9,10,0.9,1,high,71,10,0,2026-04-21 06:07:02.868+00,THIS_IS_ACTIVITY_END_TIME,1776751551.0,1776751622.0,2026-04-21 06:07:02.585082+00
9d4c753d-62ca-4ff0-9eb6-552ab4ecaf16,8c27a478-52f0-442d-a434-fe798e047585,pattern,10,10,1.0,1,high,49,10,0,2026-04-23 10:24:36.948+00,THIS_IS_ACTIVITY_END_TIME,1776939827.0,1776939876.0,2026-04-23 10:24:36.670004+00
9d8974fc-7af8-451a-b0a3-f430c20b041a,a32edb5b-8092-4f01-add0-35bbaf8e88b3,memory,9,10,0.9,1,high,85,10,0,2026-04-24 04:50:45.847+00,THIS_IS_ACTIVITY_END_TIME,1777006160.0,1777006245.0,2026-04-24 04:50:46.32974+00
9d994208-8fce-420e-892a-e80dff71accb,15f6773b-607d-4409-a94f-78d24eac8e34,arithmetic,7,10,0.7,1,mid,67,10,0,2026-04-16 09:26:09.42+00,THIS_IS_ACTIVITY_END_TIME,1776331502.0,1776331569.0,2026-04-16 09:26:14.602113+00
a07dafe0-8a80-448b-89fe-93e860c4db3b,4b00bcd7-936b-42d2-99b5-c0b8b78272c9,attention,7,10,0.7,1,mid,116,10,0,2026-04-16 09:12:26.207+00,THIS_IS_ACTIVITY_END_TIME,1776330630.0,1776330746.0,2026-04-16 09:12:40.733409+00
a199b778-5d76-442c-b56a-518eb9fe8063,caa4b854-4eea-4177-a19c-2d0f4929874e,memory,9,10,0.9,1,high,88,10,0,2026-04-16 09:57:19.661+00,THIS_IS_ACTIVITY_END_TIME,1776333351.0,1776333439.0,2026-04-16 09:57:20.56775+00
a30e9497-b295-4ee2-aa6a-f51bca451258,d103eb77-fd3d-4b89-83f1-4f34ec8d6123,arithmetic,8,10,0.8,1,high,94,10,1,2026-04-17 09:34:51.383+00,THIS_IS_ACTIVITY_END_TIME,1776418397.0,1776418491.0,2026-04-17 09:34:52.615466+00
a542a124-e1b2-4421-9c49-4cab5e905a4d,caa4b854-4eea-4177-a19c-2d0f4929874e,attention,8,10,0.8,1,high,102,10,1,2026-04-16 10:03:02.098+00,THIS_IS_ACTIVITY_END_TIME,1776333680.0,1776333782.0,2026-04-16 10:03:03.003006+00
a565ac34-0f23-4eed-97fb-bd7ae7784834,7aff8ec5-acae-493c-a6b3-9d61b98ba0b4,pattern,5,10,0.5,0,mid,89,10,0,2026-04-30 10:37:46.763+00,THIS_IS_ACTIVITY_END_TIME,1777545377.0,1777545466.0,2026-04-30 10:37:48.043615+00
a61423d6-3609-4f6f-93c9-ba39265a5976,caa4b854-4eea-4177-a19c-2d0f4929874e,arithmetic,10,10,1.0,1,high,42,10,0,2026-04-16 09:54:15.056+00,THIS_IS_ACTIVITY_END_TIME,1776333213.0,1776333255.0,2026-04-16 09:54:15.921984+00
a6a31650-24a1-42e1-adae-b50688eab9dc,7aff8ec5-acae-493c-a6b3-9d61b98ba0b4,memory,6,10,0.6,0,mid,93,10,0,2026-04-30 10:39:50.528+00,THIS_IS_ACTIVITY_END_TIME,1777545497.0,1777545590.0,2026-04-30 10:39:50.869992+00
a8406ed8-61e1-45e0-ae38-33ffcb45cbb0,b60e1ae3-b420-4c8c-b2f5-fe145674e306,comprehension,9,10,0.9,1,high,183,10,0,2026-04-15 05:34:35.156+00,THIS_IS_ACTIVITY_END_TIME,1776231092.0,1776231275.0,2026-04-15 05:34:34.013384+00
a880239b-c2bb-46f1-b86d-bbd492f1cc56,617c750a-6289-4403-8ead-1ee0ff4fcf88,memory,7,10,0.7,1,mid,96,10,0,2026-04-21 04:50:33.13+00,THIS_IS_ACTIVITY_END_TIME,1776746937.0,1776747033.0,2026-04-21 04:50:32.857141+00
a99785c2-74aa-4132-8450-6418be2a2e1a,4b00bcd7-936b-42d2-99b5-c0b8b78272c9,attention,7,10,0.7,1,mid,116,10,0,2026-04-16 09:12:30.902+00,THIS_IS_ACTIVITY_END_TIME,1776330634.0,1776330750.0,2026-04-16 09:12:40.554628+00
ac4a44c4-b19f-47db-91d5-42d37acafe26,ad1b69f4-c7df-4d3a-bc43-55840a73478f,pattern,7,10,0.7,1,mid,80,10,0,2026-04-29 10:42:30.663+00,THIS_IS_ACTIVITY_END_TIME,1777459270.0,1777459350.0,2026-04-29 10:42:31.799869+00
ac61280f-b149-493e-b793-b99601e48cef,7aff8ec5-acae-493c-a6b3-9d61b98ba0b4,memory,6,10,0.6,0,mid,93,10,0,2026-04-30 10:39:48.15+00,THIS_IS_ACTIVITY_END_TIME,1777545495.0,1777545588.0,2026-04-30 10:39:48.787711+00
af8386c0-106d-4524-85f0-9a859b5d0e34,4885d4b0-45a4-4809-93f1-b004dd932716,memory,8,10,0.8,1,high,90,10,0,2026-04-16 07:23:18.814+00,THIS_IS_ACTIVITY_END_TIME,1776324108.0,1776324198.0,2026-04-16 07:23:19.879732+00
b07efff5-d724-4117-bbc3-72bf2ecc4717,699dd060-e5d3-4dfb-bd49-1e58c9a7801d,memory,5,10,0.5,0,mid,96,10,0,2026-04-18 06:16:50.677+00,THIS_IS_ACTIVITY_END_TIME,1776492914.0,1776493010.0,2026-04-18 06:16:51.524766+00
b15f455a-5f32-41c5-9ced-6a50a87cb102,4cfb4306-1fd2-4cac-b1a4-e605da568d7e,arithmetic,15,20,0.75,1,high,195,20,0,2026-02-20 10:05:06.667+00,THIS_IS_ACTIVITY_END_TIME,1771581711.0,1771581906.0,2026-02-20 10:05:07.938611+00
b1a93f2f-10e3-4196-97bd-50b2f22b9c5e,a32edb5b-8092-4f01-add0-35bbaf8e88b3,attention,9,10,0.9,1,high,99,10,0,2026-04-24 04:54:24.793+00,THIS_IS_ACTIVITY_END_TIME,1777006365.0,1777006464.0,2026-04-24 04:54:25.27639+00
b23dfb9d-c101-48af-bd0d-41e95cf7a556,6f2c1a12-a0ec-4367-92f6-b0403cc5b56c,attention,7,10,0.7,1,mid,93,10,0,2026-04-19 07:31:44.376+00,THIS_IS_ACTIVITY_END_TIME,1776583811.0,1776583904.0,2026-04-19 07:31:45.373666+00
b479345c-a0db-4ee8-a435-bdb728214df8,3cebc90b-7bb9-4438-bb6d-00b1b897bdf9,attention,9,10,0.9,1,high,87,10,0,2026-04-30 10:20:46.655+00,THIS_IS_ACTIVITY_END_TIME,1777544359.0,1777544446.0,2026-04-30 10:20:47.118873+00
b495c390-361f-46c6-9c85-fb5efb226fa3,daa69244-ed2c-41a5-883b-3352a4c9284b,arithmetic,8,10,0.8,1,high,66,10,0,2026-04-17 11:35:33.955+00,THIS_IS_ACTIVITY_END_TIME,1776425667.0,1776425733.0,2026-04-17 11:35:34.186683+00
b619dd4f-7f7c-4f6f-b4d1-cce6da8fb8dc,d103eb77-fd3d-4b89-83f1-4f34ec8d6123,memory,9,10,0.9,1,high,86,10,0,2026-04-17 10:38:10.385+00,THIS_IS_ACTIVITY_END_TIME,1776422204.0,1776422290.0,2026-04-17 10:38:11.462014+00
b6fb7d6f-8e60-4470-ba60-c7c0e0c55f78,9c588e1c-b67d-4964-9795-ff4e62e1f292,comprehension,10,10,1.0,1,high,86,10,0,2026-04-19 06:56:13.267+00,THIS_IS_ACTIVITY_END_TIME,1776581687.0,1776581773.0,2026-04-19 06:56:14.163626+00
b7c55d4c-3c13-40c2-95b3-869ae025a09f,c33adeeb-6609-4bd1-8fbc-9b3562dea1d0,memory,5,10,0.5,0,mid,92,10,0,2026-04-23 09:48:35.193+00,THIS_IS_ACTIVITY_END_TIME,1776937623.0,1776937715.0,2026-04-23 09:48:35.472161+00
b7d8331c-a11d-4eee-8788-8458632e308d,038c88b9-98c6-4009-810c-b905483f4baf,memory,7,10,0.7,1,mid,84,10,0,2026-04-22 09:40:59.235+00,THIS_IS_ACTIVITY_END_TIME,1776850775.0,1776850859.0,2026-04-22 09:40:59.728153+00
b81d5795-2ef8-4433-8c20-3654679ff718,a9fa0a9e-4c99-49b4-b75f-ba925babb6f9,memory,8,10,0.8,1,high,88,10,0,2026-04-15 04:50:16.64+00,THIS_IS_ACTIVITY_END_TIME,1776228528.0,1776228616.0,2026-04-15 04:50:15.686759+00
bb0b4fdd-d71b-48f9-868e-1e509a28b9bd,69c167cf-2224-4a55-adef-a54aa83f75c5,pattern,10,10,1.0,1,high,81,10,0,2026-04-23 04:45:04.541+00,THIS_IS_ACTIVITY_END_TIME,1776919423.0,1776919504.0,2026-04-23 04:45:04.748044+00
bb5d7cbb-205b-479c-a9b1-31365c166e97,50e80c06-aaf0-4193-90cb-eb43ae74b701,attention,10,10,1.0,1,high,82,10,0,2026-04-22 05:13:09.015+00,THIS_IS_ACTIVITY_END_TIME,1776834707.0,1776834789.0,2026-04-22 05:13:11.068949+00
bd46810b-c191-4ddb-ac51-69d63ec542ff,50e80c06-aaf0-4193-90cb-eb43ae74b701,comprehension,9,10,0.9,1,high,78,10,0,2026-04-22 05:11:21.199+00,THIS_IS_ACTIVITY_END_TIME,1776834603.0,1776834681.0,2026-04-22 05:11:22.821889+00
bea27d56-b47e-4b56-aef3-71f082d93f9c,cbdba92c-9740-49a5-8627-91d15f9db8f9,memory,9,10,0.9,1,high,98,10,0,2026-04-13 07:19:35.291+00,THIS_IS_ACTIVITY_END_TIME,1776064677.0,1776064775.0,2026-04-13 07:19:35.557898+00
bf0ce6b6-28a0-45f4-b2c7-7015c95a594b,9c588e1c-b67d-4964-9795-ff4e62e1f292,pattern,8,10,0.8,1,high,49,10,0,2026-04-19 06:52:33.882+00,THIS_IS_ACTIVITY_END_TIME,1776581504.0,1776581553.0,2026-04-19 06:52:34.926618+00
c02936b7-3848-43e0-b1e9-d05de29beaf5,4b00bcd7-936b-42d2-99b5-c0b8b78272c9,comprehension,10,10,1.0,1,high,198,10,0,2026-04-16 09:09:53.872+00,THIS_IS_ACTIVITY_END_TIME,1776330395.0,1776330593.0,2026-04-16 09:09:59.276265+00
c1d8c2e1-f2b4-4602-89d3-0cdae362a0d6,d103eb77-fd3d-4b89-83f1-4f34ec8d6123,attention,8,10,0.8,1,high,86,10,0,2026-04-17 10:42:27.37+00,THIS_IS_ACTIVITY_END_TIME,1776422461.0,1776422547.0,2026-04-17 10:42:28.410344+00
c1ddec17-b16f-41dd-944b-8f2a0962eff7,4cfb4306-1fd2-4cac-b1a4-e605da568d7e,pattern,17,20,0.85,1,high,136,20,0,2026-02-20 10:07:52.195+00,THIS_IS_ACTIVITY_END_TIME,1771581936.0,1771582072.0,2026-02-20 10:07:53.988265+00
c4564f59-dce9-4cb7-a383-03c44b7637db,50d2e6aa-24c6-4d68-8bb3-f3b2f03f9b50,arithmetic,7,10,0.7,1,mid,94,10,0,2026-04-16 07:42:43.732+00,THIS_IS_ACTIVITY_END_TIME,1776325269.0,1776325363.0,2026-04-16 07:42:45.470032+00
c5bd30eb-27e0-40db-990c-b6a78bc1c9e2,4b00bcd7-936b-42d2-99b5-c0b8b78272c9,attention,7,10,0.7,1,mid,116,10,0,2026-04-16 09:12:36.788+00,THIS_IS_ACTIVITY_END_TIME,1776330640.0,1776330756.0,2026-04-16 09:12:44.84626+00
c6038bc4-6ca3-439d-bf81-3715f7789d60,41e7ea84-ede5-4a76-8176-b877187f4b39,attention,7,10,0.7,1,mid,94,10,0,2026-04-19 07:14:17.926+00,THIS_IS_ACTIVITY_END_TIME,1776582763.0,1776582857.0,2026-04-19 07:14:19.037538+00
c890e2bb-c75e-47c4-af6f-365287ca3d1e,4885d4b0-45a4-4809-93f1-b004dd932716,arithmetic,4,10,0.4,0,low,76,10,0,2026-04-16 07:19:55.079+00,THIS_IS_ACTIVITY_END_TIME,1776323919.0,1776323995.0,2026-04-16 07:19:56.50662+00
c99a790a-56e8-41b6-933c-796e8152fa56,caa4b854-4eea-4177-a19c-2d0f4929874e,pattern,9,10,0.9,1,high,42,10,0,2026-04-16 09:55:24.817+00,THIS_IS_ACTIVITY_END_TIME,1776333282.0,1776333324.0,2026-04-16 09:55:25.690268+00
cac93861-bd3c-4e5a-9edf-9cd835e82d85,38486085-f824-4b7b-82b0-ebfd7c8629e4,attention,8,10,0.8,1,high,104,10,1,2026-04-21 10:52:32.513+00,THIS_IS_ACTIVITY_END_TIME,1776768648.0,1776768752.0,2026-04-21 10:52:33.018149+00
cb3e2c5d-c975-4cc1-b77b-facada303aed,15f6773b-607d-4409-a94f-78d24eac8e34,comprehension,7,10,0.7,1,mid,182,10,0,2026-04-16 09:33:40.945+00,THIS_IS_ACTIVITY_END_TIME,1776331838.0,1776332020.0,2026-04-16 09:33:41.713725+00
cbc53b54-c20b-463c-92cd-01792227a4a7,077f1f73-3786-4d01-8c77-d40cf7f07ae1,attention,8,10,0.8,1,high,89,10,0,2026-04-21 06:13:10.212+00,THIS_IS_ACTIVITY_END_TIME,1776751901.0,1776751990.0,2026-04-21 06:13:10.02991+00
cc8ddeb2-6a33-4b3e-a96a-52377f32264b,4885d4b0-45a4-4809-93f1-b004dd932716,attention,8,10,0.8,1,high,86,10,0,2026-04-16 07:27:25.424+00,THIS_IS_ACTIVITY_END_TIME,1776324359.0,1776324445.0,2026-04-16 07:27:26.467854+00
d0518f3f-3b52-42b8-b769-99ff203761d1,4885d4b0-45a4-4809-93f1-b004dd932716,comprehension,7,10,0.7,1,mid,87,10,0,2026-04-16 07:25:23.08+00,THIS_IS_ACTIVITY_END_TIME,1776324236.0,1776324323.0,2026-04-16 07:25:24.347243+00
d11b9798-c000-4982-929b-3c3ce5234231,15f6773b-607d-4409-a94f-78d24eac8e34,arithmetic,7,10,0.7,1,mid,67,10,0,2026-04-16 09:26:10.189+00,THIS_IS_ACTIVITY_END_TIME,1776331503.0,1776331570.0,2026-04-16 09:26:14.586834+00
d4ee4266-296f-4307-b809-114e57210316,caa4b854-4eea-4177-a19c-2d0f4929874e,arithmetic,9,10,0.9,1,high,68,10,0,2026-04-16 09:45:32.383+00,THIS_IS_ACTIVITY_END_TIME,1776332664.0,1776332732.0,2026-04-16 09:45:33.43936+00
d54cd8ae-31ab-4725-b217-4644f152ae87,182b236c-a543-4d7f-b121-473dc33918f2,memory,5,10,0.5,0,mid,92,10,0,2026-04-28 10:34:08.334+00,THIS_IS_ACTIVITY_END_TIME,1777372356.0,1777372448.0,2026-04-28 10:34:09.30851+00
d5c61ed8-876d-4d09-b7da-48a451bc4412,6f2c1a12-a0ec-4367-92f6-b0403cc5b56c,memory,6,10,0.6,0,mid,93,10,0,2026-04-19 07:25:54.963+00,THIS_IS_ACTIVITY_END_TIME,1776583461.0,1776583554.0,2026-04-19 07:25:55.882639+00
d6abd449-1144-4d5c-91a7-6b3c389b1232,4b00bcd7-936b-42d2-99b5-c0b8b78272c9,attention,7,10,0.7,1,mid,116,10,0,2026-04-16 09:12:37.418+00,THIS_IS_ACTIVITY_END_TIME,1776330641.0,1776330757.0,2026-04-16 09:12:45.777305+00
d6d87a15-78e4-46ca-a18b-b088ff833f99,a9fa0a9e-4c99-49b4-b75f-ba925babb6f9,arithmetic,7,10,0.7,1,mid,85,10,0,2026-04-15 04:46:53.434+00,THIS_IS_ACTIVITY_END_TIME,1776228328.0,1776228413.0,2026-04-15 04:46:54.390601+00
d7179171-11bc-4f48-8235-463160cc70a5,d103eb77-fd3d-4b89-83f1-4f34ec8d6123,arithmetic,7,10,0.7,1,mid,55,10,0,2026-04-17 10:34:51.215+00,THIS_IS_ACTIVITY_END_TIME,1776422036.0,1776422091.0,2026-04-17 10:34:52.494012+00
d9474f8a-7bbc-4ce2-84f3-149fc6fc7ab9,6f2c1a12-a0ec-4367-92f6-b0403cc5b56c,pattern,5,10,0.5,0,mid,52,10,0,2026-04-19 07:23:54.386+00,THIS_IS_ACTIVITY_END_TIME,1776583382.0,1776583434.0,2026-04-19 07:23:55.208756+00
d97a92da-0f18-4891-a23a-b1ac6bf8b8ac,077f1f73-3786-4d01-8c77-d40cf7f07ae1,arithmetic,6,10,0.6,0,mid,111,10,0,2026-04-21 06:05:27.327+00,THIS_IS_ACTIVITY_END_TIME,1776751416.0,1776751527.0,2026-04-21 06:05:26.916073+00
da301ed1-6dc6-4d88-8ac5-2400507c2f94,3cebc90b-7bb9-4438-bb6d-00b1b897bdf9,memory,8,10,0.8,1,high,85,10,0,2026-04-30 10:17:19.672+00,THIS_IS_ACTIVITY_END_TIME,1777544154.0,1777544239.0,2026-04-30 10:17:20.176395+00
da98b134-1d0a-4ed6-9069-687b2361074b,182b236c-a543-4d7f-b121-473dc33918f2,attention,6,10,0.6,0,mid,94,10,0,2026-04-28 10:38:09.837+00,THIS_IS_ACTIVITY_END_TIME,1777372595.0,1777372689.0,2026-04-28 10:38:10.143401+00
db180d62-f64a-4e18-a981-1d61c2f6109a,d129448b-a4c5-49ee-9795-d4463d27334a,memory,8,10,0.8,1,high,93,10,0,2026-04-17 06:45:37.161+00,THIS_IS_ACTIVITY_END_TIME,1776408244.0,1776408337.0,2026-04-17 06:45:37.561767+00
dc7b65c3-d228-4f79-8244-a4ed88da41d8,4885d4b0-45a4-4809-93f1-b004dd932716,pattern,8,10,0.8,1,high,43,10,0,2026-04-16 07:21:16.765+00,THIS_IS_ACTIVITY_END_TIME,1776324033.0,1776324076.0,2026-04-16 07:21:17.755032+00
dda1961a-583f-49d7-95b9-692111bcd151,cbdba92c-9740-49a5-8627-91d15f9db8f9,pattern,9,10,0.9,1,high,75,10,0,2026-04-13 07:17:10.802+00,THIS_IS_ACTIVITY_END_TIME,1776064555.0,1776064630.0,2026-04-13 07:17:11.017348+00
dfd8d5ed-0723-44e0-a85c-24097319d4e6,c33adeeb-6609-4bd1-8fbc-9b3562dea1d0,arithmetic,3,10,0.3,0,low,97,10,1,2026-04-23 09:50:52.158+00,THIS_IS_ACTIVITY_END_TIME,1776937755.0,1776937852.0,2026-04-23 09:50:52.482917+00
e02d717c-827d-4f64-b484-c7c2120b9991,b60e1ae3-b420-4c8c-b2f5-fe145674e306,memory,7,10,0.7,1,mid,92,10,0,2026-04-15 05:30:44.222+00,THIS_IS_ACTIVITY_END_TIME,1776230952.0,1776231044.0,2026-04-15 05:30:43.289913+00
e041c19f-2636-4c64-83c3-053f696b45fa,15f6773b-607d-4409-a94f-78d24eac8e34,arithmetic,7,10,0.7,1,mid,67,10,0,2026-04-16 09:26:03.436+00,THIS_IS_ACTIVITY_END_TIME,1776331496.0,1776331563.0,2026-04-16 09:26:15.147899+00
e0ce7bec-9f75-47c7-990f-188156be411b,7aff8ec5-acae-493c-a6b3-9d61b98ba0b4,attention,6,10,0.6,0,mid,101,10,0,2026-04-30 10:44:28.955+00,THIS_IS_ACTIVITY_END_TIME,1777545767.0,1777545868.0,2026-04-30 10:44:29.267956+00
e12ef834-cad6-408e-a412-a3e3bd66faf0,4b00bcd7-936b-42d2-99b5-c0b8b78272c9,comprehension,10,10,1.0,1,high,198,10,0,2026-04-16 09:09:53.653+00,THIS_IS_ACTIVITY_END_TIME,1776330395.0,1776330593.0,2026-04-16 09:09:59.293625+00
e19543cc-2717-48a4-a05a-76c139acb019,ad1b69f4-c7df-4d3a-bc43-55840a73478f,memory,6,10,0.6,0,mid,94,10,0,2026-04-29 10:44:31.512+00,THIS_IS_ACTIVITY_END_TIME,1777459377.0,1777459471.0,2026-04-29 10:44:32.346348+00
e44a2420-d2f7-4ab7-8edd-9bf0f3c852a2,15f6773b-607d-4409-a94f-78d24eac8e34,arithmetic,7,10,0.7,1,mid,67,10,0,2026-04-16 09:26:07.875+00,THIS_IS_ACTIVITY_END_TIME,1776331500.0,1776331567.0,2026-04-16 09:26:14.567078+00
e5909023-f88e-48ce-971e-2bd70324b021,3cebc90b-7bb9-4438-bb6d-00b1b897bdf9,comprehension,9,10,0.9,1,high,68,10,0,2026-04-30 10:18:57.172+00,THIS_IS_ACTIVITY_END_TIME,1777544269.0,1777544337.0,2026-04-30 10:18:57.590301+00
e6e09600-d5c3-479e-b8ee-7799855dacb5,4b00bcd7-936b-42d2-99b5-c0b8b78272c9,comprehension,10,10,1.0,1,high,198,10,0,2026-04-16 09:09:48.161+00,THIS_IS_ACTIVITY_END_TIME,1776330390.0,1776330588.0,2026-04-16 09:09:59.589061+00
e79f455a-8dc4-4215-bb46-739c101e3592,ad1b69f4-c7df-4d3a-bc43-55840a73478f,arithmetic,4,10,0.4,0,low,80,10,0,2026-04-29 10:40:43.447+00,THIS_IS_ACTIVITY_END_TIME,1777459163.0,1777459243.0,2026-04-29 10:40:44.127934+00
e85ac816-e6ae-4a62-87b8-3a559f17ecaf,1a3a8d1d-950a-441c-a128-58d9d18de7bc,comprehension,10,10,1.0,1,high,127,10,0,2026-04-23 04:13:45.57+00,THIS_IS_ACTIVITY_END_TIME,1776917498.0,1776917625.0,2026-04-23 04:13:45.744394+00
e917c489-d182-4a0f-837a-13e452360ba3,4b00bcd7-936b-42d2-99b5-c0b8b78272c9,pattern,10,10,1.0,1,high,68,10,0,2026-04-16 09:03:38.689+00,THIS_IS_ACTIVITY_END_TIME,1776330150.0,1776330218.0,2026-04-16 09:03:39.664983+00
e91ad1a0-8c6e-4964-a981-4e7715c141b5,9c588e1c-b67d-4964-9795-ff4e62e1f292,arithmetic,8,10,0.8,1,high,53,10,0,2026-04-19 06:51:16.042+00,THIS_IS_ACTIVITY_END_TIME,1776581423.0,1776581476.0,2026-04-19 06:51:17.080084+00
ea041aa7-4232-4279-aa9f-2bb2dc7888e8,1295d8c1-c3fa-424a-a3ac-86e227c3a8de,arithmetic,3,10,0.3,0,low,47,10,0,2026-04-17 11:14:52.167+00,THIS_IS_ACTIVITY_END_TIME,1776424445.0,1776424492.0,2026-04-17 11:14:51.670637+00
ec80db11-3fb3-4bc5-8b99-b1f501cbbc1f,bef21b19-9f14-46fd-983e-519cd076d499,pattern,7,10,0.7,1,mid,98,10,0,2026-04-22 10:05:18.709+00,THIS_IS_ACTIVITY_END_TIME,1776852220.0,1776852318.0,2026-04-22 10:05:19.259386+00
ecf73447-929b-45fc-836c-cc10412f4cb3,b17134fc-8dcf-4a39-b251-3e8e95b21315,pattern,9,10,0.9,1,high,43,10,0,2026-04-22 08:39:24.884+00,THIS_IS_ACTIVITY_END_TIME,1776847121.0,1776847164.0,2026-04-22 08:39:25.186173+00
ecf91c43-01f7-4b9a-8adb-75a93ad28ff7,489aeec3-5823-4e43-9ca6-e34ae73136ad,pattern,8,10,0.8,1,high,66,10,0,2026-04-19 06:33:12.642+00,THIS_IS_ACTIVITY_END_TIME,1776580326.0,1776580392.0,2026-04-19 06:33:13.769334+00
ee537461-c9b4-43c0-8652-64bb443e7216,b60e1ae3-b420-4c8c-b2f5-fe145674e306,arithmetic,6,10,0.6,0,mid,54,10,0,2026-04-15 05:27:06.842+00,THIS_IS_ACTIVITY_END_TIME,1776230772.0,1776230826.0,2026-04-15 05:27:05.730532+00
ee72b1dc-0fac-4ff6-bd7e-616be7bf0acb,d103eb77-fd3d-4b89-83f1-4f34ec8d6123,comprehension,10,10,1.0,1,high,97,10,0,2026-04-17 10:40:21.137+00,THIS_IS_ACTIVITY_END_TIME,1776422324.0,1776422421.0,2026-04-17 10:40:22.211394+00
f02d89e3-61d2-4236-900c-d448baa20711,1d7969e9-9d81-4b61-b5a4-102cab269db4,attention,5,10,0.5,0,mid,97,10,0,2026-04-16 10:26:17.194+00,THIS_IS_ACTIVITY_END_TIME,1776335080.0,1776335177.0,2026-04-16 10:26:18.188741+00
f04c5fed-92f7-426c-ba29-c525a54ed5a1,1d7969e9-9d81-4b61-b5a4-102cab269db4,pattern,9,10,0.9,1,high,84,10,0,2026-04-16 10:18:33.674+00,THIS_IS_ACTIVITY_END_TIME,1776334629.0,1776334713.0,2026-04-16 10:18:34.413461+00
f14d9f0d-2ff6-4781-b511-42901f6e6032,50d2e6aa-24c6-4d68-8bb3-f3b2f03f9b50,comprehension,10,10,1.0,1,high,215,10,0,2026-04-16 07:51:24.036+00,THIS_IS_ACTIVITY_END_TIME,1776325669.0,1776325884.0,2026-04-16 07:51:24.968885+00
f3e34023-bdc8-4166-8d55-d6d10ea78ac9,489aeec3-5823-4e43-9ca6-e34ae73136ad,memory,9,10,0.9,1,high,98,10,0,2026-04-19 06:35:17.568+00,THIS_IS_ACTIVITY_END_TIME,1776580419.0,1776580517.0,2026-04-19 06:35:18.534628+00
f3e580dd-93f2-4574-bcb9-7fdb554cd3b3,b60e1ae3-b420-4c8c-b2f5-fe145674e306,attention,5,10,0.5,0,mid,106,10,0,2026-04-15 05:36:49.32+00,THIS_IS_ACTIVITY_END_TIME,1776231303.0,1776231409.0,2026-04-15 05:36:48.313032+00
f45b721a-b776-41cf-8a41-8d8d515d69f7,e1f19955-0fdb-4bdd-9131-707c165021f0,comprehension,7,10,0.7,1,mid,263,10,0,2026-04-21 08:53:00.344+00,THIS_IS_ACTIVITY_END_TIME,1776761317.0,1776761580.0,2026-04-21 08:53:01.364663+00
f48f7a0a-9030-46ef-a61b-04111e15e2fe,ad1b69f4-c7df-4d3a-bc43-55840a73478f,attention,7,10,0.7,1,mid,101,10,0,2026-04-29 10:49:36.756+00,THIS_IS_ACTIVITY_END_TIME,1777459675.0,1777459776.0,2026-04-29 10:49:37.650208+00
f4a8d69f-4d6a-41ff-add4-d890b254a304,3cebc90b-7bb9-4438-bb6d-00b1b897bdf9,comprehension,9,10,0.9,1,high,68,10,0,2026-04-30 10:18:58.255+00,THIS_IS_ACTIVITY_END_TIME,1777544270.0,1777544338.0,2026-04-30 10:18:58.654563+00
f61ad2f6-c0dc-45b6-a28f-be2d0927a284,caa4b854-4eea-4177-a19c-2d0f4929874e,comprehension,10,10,1.0,1,high,188,10,0,2026-04-16 10:00:54.34+00,THIS_IS_ACTIVITY_END_TIME,1776333466.0,1776333654.0,2026-04-16 10:00:55.441983+00
f7d16fad-888d-46e2-b034-9d6fba8863cb,7aff8ec5-acae-493c-a6b3-9d61b98ba0b4,pattern,5,10,0.5,0,mid,89,10,0,2026-04-30 10:37:48.23+00,THIS_IS_ACTIVITY_END_TIME,1777545379.0,1777545468.0,2026-04-30 10:37:48.601354+00
f7dad25b-4a44-47d1-aac6-cd288fcffebb,038c88b9-98c6-4009-810c-b905483f4baf,arithmetic,4,10,0.4,0,low,68,10,0,2026-04-22 09:37:52.69+00,THIS_IS_ACTIVITY_END_TIME,1776850604.0,1776850672.0,2026-04-22 09:37:53.624229+00
f7e72d34-7d15-430f-ad77-55210dd27d69,4b00bcd7-936b-42d2-99b5-c0b8b78272c9,attention,7,10,0.7,1,mid,116,10,0,2026-04-16 09:12:25.405+00,THIS_IS_ACTIVITY_END_TIME,1776330629.0,1776330745.0,2026-04-16 09:12:39.357279+00
f8ab7cb4-cf5e-4631-95d8-ed90493929b0,d103eb77-fd3d-4b89-83f1-4f34ec8d6123,pattern,9,10,0.9,1,high,76,10,0,2026-04-17 09:36:48.415+00,THIS_IS_ACTIVITY_END_TIME,1776418532.0,1776418608.0,2026-04-17 09:36:49.498821+00
f8b53e6c-1bc3-42c0-a914-a05698a72b1b,4b00bcd7-936b-42d2-99b5-c0b8b78272c9,comprehension,10,10,1.0,1,high,198,10,0,2026-04-16 09:09:50.855+00,THIS_IS_ACTIVITY_END_TIME,1776330392.0,1776330590.0,2026-04-16 09:09:59.582326+00
f8b6ceab-a29d-4a4d-9430-c1c4f09b62ee,15f6773b-607d-4409-a94f-78d24eac8e34,attention,6,10,0.6,0,mid,90,10,0,2026-04-16 09:35:41.968+00,THIS_IS_ACTIVITY_END_TIME,1776332051.0,1776332141.0,2026-04-16 09:35:42.909989+00
f9340c60-436a-457b-a8ca-1d61be14e3fa,038c88b9-98c6-4009-810c-b905483f4baf,comprehension,8,10,0.8,1,high,79,10,0,2026-04-22 09:42:44.565+00,THIS_IS_ACTIVITY_END_TIME,1776850885.0,1776850964.0,2026-04-22 09:42:44.885742+00
fac9a370-b8e4-4004-958d-5b14abc182e6,699dd060-e5d3-4dfb-bd49-1e58c9a7801d,arithmetic,4,10,0.4,0,low,57,10,0,2026-04-18 06:13:35.946+00,THIS_IS_ACTIVITY_END_TIME,1776492758.0,1776492815.0,2026-04-18 06:13:36.910523+00
fb373c39-ea27-4d87-b6ff-235c99979bd1,fed10af2-13dd-4f5a-9910-0c156c024547,pattern,9,10,0.9,1,high,34,10,0,2026-04-23 10:46:15.637+00,THIS_IS_ACTIVITY_END_TIME,1776941141.0,1776941175.0,2026-04-23 10:46:15.504904+00
fd4597cd-b567-4fe5-967d-f1418ed6307b,4b00bcd7-936b-42d2-99b5-c0b8b78272c9,attention,7,10,0.7,1,mid,116,10,0,2026-04-16 09:12:30.678+00,THIS_IS_ACTIVITY_END_TIME,1776330634.0,1776330750.0,2026-04-16 09:12:40.675734+00
fe801b74-2335-4fe7-8d7b-30e02790ad44,fed10af2-13dd-4f5a-9910-0c156c024547,arithmetic,6,10,0.6,0,mid,40,10,0,2026-04-23 10:45:19.721+00,THIS_IS_ACTIVITY_END_TIME,1776941079.0,1776941119.0,2026-04-23 10:45:19.437371+00
