session_id,participant_name,headset_serial,headset_type,task_context,recording_start_unix,recording_stop_unix,duration_minutes,eeg_sampling_rate_hz,eeg_electrode_count,samples_reported,eeg_filepath,marker_filepath,json_filepath,session_timestamp,parse_status
S001,imagination subjct9,792323,EPOCX,imagination,1777576591.673957,1777576836.978952,4.09,128,14,31417,D:\Projects\Major-Project\Data\Emotive\BCI data\1\BCI data\imagination\imagination_subjct9_EPOCX_792323_2026.05.01T00.46.31+05.30.md.csv,D:\Projects\Major-Project\Data\Emotive\BCI data\1\BCI data\imagination\imagination_subjct9_EPOCX_792323_2026.05.01T00.46.31+05.30_intervalMarker.csv,D:\Projects\Major-Project\Data\Emotive\BCI data\1\BCI data\imagination\imagination_subjct9_EPOCX_792323_2026.05.01T00.46.31+05.30.json,2026.05.01T00.46.31+05.30,OK
S002,imagination subject10,793790,EPOCX,imagination,1777801439.158474,1777801673.656665,3.91,128,14,30033,D:\Projects\Major-Project\Data\Emotive\BCI data\1\BCI data\imagination\imagination_subject10_EPOCX_793790_2026.05.03T15.13.59+05.30.md.csv,D:\Projects\Major-Project\Data\Emotive\BCI data\1\BCI data\imagination\imagination_subject10_EPOCX_793790_2026.05.03T15.13.59+05.30_intervalMarker.csv,D:\Projects\Major-Project\Data\Emotive\BCI data\1\BCI data\imagination\imagination_subject10_EPOCX_793790_2026.05.03T15.13.59+05.30.json,2026.05.03T15.13.59+05.30,OK
S003,imagination subject11,793791,EPOCX,imagination,1777802325.804964,1777802560.365899,3.91,128,14,30041,D:\Projects\Major-Project\Data\Emotive\BCI data\1\BCI data\imagination\imagination_subject11_EPOCX_793791_2026.05.03T15.28.45+05.30.md.csv,D:\Projects\Major-Project\Data\Emotive\BCI data\1\BCI data\imagination\imagination_subject11_EPOCX_793791_2026.05.03T15.28.45+05.30_intervalMarker.csv,D:\Projects\Major-Project\Data\Emotive\BCI data\1\BCI data\imagination\imagination_subject11_EPOCX_793791_2026.05.03T15.28.45+05.30.json,2026.05.03T15.28.45+05.30,OK
S004,imagination subject1,792159,EPOCX,imagination,1777568480.64416,1777568722.388727,4.03,128,14,30961,D:\Projects\Major-Project\Data\Emotive\BCI data\1\BCI data\imagination\imagination_subject1_EPOCX_792159_2026.04.30T22.31.20+05.30.md.csv,D:\Projects\Major-Project\Data\Emotive\BCI data\1\BCI data\imagination\imagination_subject1_EPOCX_792159_2026.04.30T22.31.20+05.30_intervalMarker.csv,D:\Projects\Major-Project\Data\Emotive\BCI data\1\BCI data\imagination\imagination_subject1_EPOCX_792159_2026.04.30T22.31.20+05.30.json,2026.04.30T22.31.20+05.30,OK
S005,imagination subject3,792162,EPOCX,imagination,1777571478.873414,1777571725.583602,4.11,128,14,31597,D:\Projects\Major-Project\Data\Emotive\BCI data\1\BCI data\imagination\imagination_subject3_EPOCX_792162_2026.04.30T23.21.18+05.30.md.csv,D:\Projects\Major-Project\Data\Emotive\BCI data\1\BCI data\imagination\imagination_subject3_EPOCX_792162_2026.04.30T23.21.18+05.30_intervalMarker.csv,D:\Projects\Major-Project\Data\Emotive\BCI data\1\BCI data\imagination\imagination_subject3_EPOCX_792162_2026.04.30T23.21.18+05.30.json,2026.04.30T23.21.18+05.30,OK
S006,imagination subject4,792191,EPOCX,imagination,1777572490.919957,1777572737.786494,4.11,128,14,31617,D:\Projects\Major-Project\Data\Emotive\BCI data\1\BCI data\imagination\imagination_subject4_EPOCX_792191_2026.04.30T23.38.10+05.30.md.csv,D:\Projects\Major-Project\Data\Emotive\BCI data\1\BCI data\imagination\imagination_subject4_EPOCX_792191_2026.04.30T23.38.10+05.30_intervalMarker.csv,D:\Projects\Major-Project\Data\Emotive\BCI data\1\BCI data\imagination\imagination_subject4_EPOCX_792191_2026.04.30T23.38.10+05.30.json,2026.04.30T23.38.10+05.30,OK
S007,imagination subject7,792230,EPOCX,imagination,1777574441.554155,1777574692.730983,4.19,128,14,32169,D:\Projects\Major-Project\Data\Emotive\BCI data\1\BCI data\imagination\imagination_subject7_EPOCX_792230_2026.05.01T00.10.41+05.30.md.csv,D:\Projects\Major-Project\Data\Emotive\BCI data\1\BCI data\imagination\imagination_subject7_EPOCX_792230_2026.05.01T00.10.41+05.30_intervalMarker.csv,D:\Projects\Major-Project\Data\Emotive\BCI data\1\BCI data\imagination\imagination_subject7_EPOCX_792230_2026.05.01T00.10.41+05.30.json,2026.05.01T00.10.41+05.30,OK
S008,imagination subject8,792257,EPOCX,imagination,1777575754.001356,1777575992.497518,3.97,128,14,30545,D:\Projects\Major-Project\Data\Emotive\BCI data\1\BCI data\imagination\imagination_subject8_EPOCX_792257_2026.05.01T00.32.34+05.30.md.csv,D:\Projects\Major-Project\Data\Emotive\BCI data\1\BCI data\imagination\imagination_subject8_EPOCX_792257_2026.05.01T00.32.34+05.30_intervalMarker.csv,D:\Projects\Major-Project\Data\Emotive\BCI data\1\BCI data\imagination\imagination_subject8_EPOCX_792257_2026.05.01T00.32.34+05.30.json,2026.05.01T00.32.34+05.30,OK
S009,imagintion subject6,792227,EPOCX,imagination,1777573451.15159,1777573687.492674,3.94,128,14,30269,D:\Projects\Major-Project\Data\Emotive\BCI data\1\BCI data\imagination\imagintion_subject6_EPOCX_792227_2026.04.30T23.54.11+05.30.md.csv,D:\Projects\Major-Project\Data\Emotive\BCI data\1\BCI data\imagination\imagintion_subject6_EPOCX_792227_2026.04.30T23.54.11+05.30_intervalMarker.csv,D:\Projects\Major-Project\Data\Emotive\BCI data\1\BCI data\imagination\imagintion_subject6_EPOCX_792227_2026.04.30T23.54.11+05.30.json,2026.04.30T23.54.11+05.30,OK
S010,imaginztion subject13,793809,EPOCX,imagination,1777803764.496783,1777803997.777075,3.89,128,14,29877,D:\Projects\Major-Project\Data\Emotive\BCI data\1\BCI data\imagination\imaginztion_subject13_EPOCX_793809_2026.05.03T15.52.44+05.30.md.csv,D:\Projects\Major-Project\Data\Emotive\BCI data\1\BCI data\imagination\imaginztion_subject13_EPOCX_793809_2026.05.03T15.52.44+05.30_intervalMarker.csv,D:\Projects\Major-Project\Data\Emotive\BCI data\1\BCI data\imagination\imaginztion_subject13_EPOCX_793809_2026.05.03T15.52.44+05.30.json,2026.05.03T15.52.44+05.30,OK
S011,immagination subject1,792160,EPOCX,imagination,1777569681.184057,1777569918.899564,3.96,128,14,30445,D:\Projects\Major-Project\Data\Emotive\BCI data\1\BCI data\imagination\immagination_subject1_EPOCX_792160_2026.04.30T22.51.21+05.30.md.csv,D:\Projects\Major-Project\Data\Emotive\BCI data\1\BCI data\imagination\immagination_subject1_EPOCX_792160_2026.04.30T22.51.21+05.30_intervalMarker.csv,D:\Projects\Major-Project\Data\Emotive\BCI data\1\BCI data\imagination\immagination_subject1_EPOCX_792160_2026.04.30T22.51.21+05.30.json,2026.04.30T22.51.21+05.30,OK
S012,Aamir,587822,EPOCX,web_test_main,1776852004.613687,1776852753.864797,12.49,128,14,95957,D:\Projects\Major-Project\Data\Emotive\BCI data\1\BCI data\New folder\Aamir_EPOCX_587822_2026.04.22T15.30.04+05.30.md.bp.csv,D:\Projects\Major-Project\Data\Emotive\BCI data\1\BCI data\New folder\Aamir_EPOCX_587822_2026.04.22T15.30.04+05.30_intervalMarker.csv,D:\Projects\Major-Project\Data\Emotive\BCI data\1\BCI data\New folder\Aamir_EPOCX_587822_2026.04.22T15.30.04+05.30.json,2026.04.22T15.30.04+05.30,OK
S013,aishu,587822,EPOCX,web_test_main,1776846963.209582,1776847557.012567,9.9,128,14,76049,D:\Projects\Major-Project\Data\Emotive\BCI data\1\BCI data\New folder\aishu_EPOCX_587822_2026.04.22T14.06.03+05.30.md.bp.csv,D:\Projects\Major-Project\Data\Emotive\BCI data\1\BCI data\New folder\aishu_EPOCX_587822_2026.04.22T14.06.03+05.30_intervalMarker.csv,D:\Projects\Major-Project\Data\Emotive\BCI data\1\BCI data\New folder\aishu_EPOCX_587822_2026.04.22T14.06.03+05.30.json,2026.04.22T14.06.03+05.30,OK
S014,akhilesh,781974,EPOCX,web_test_main,1776768063.085141,1776768795.282671,12.2,128,14,93773,D:\Projects\Major-Project\Data\Emotive\BCI data\1\BCI data\New folder\akhilesh_EPOCX_781974_2026.04.21T16.11.03+05.30.md.bp.csv,D:\Projects\Major-Project\Data\Emotive\BCI data\1\BCI data\New folder\akhilesh_EPOCX_781974_2026.04.21T16.11.03+05.30_intervalMarker.csv,D:\Projects\Major-Project\Data\Emotive\BCI data\1\BCI data\New folder\akhilesh_EPOCX_781974_2026.04.21T16.11.03+05.30.json,2026.04.21T16.11.03+05.30,OK
S015,Brijesh 1,782854,EPOCX,web_test_main,1776837866.961117,1776837928.4897,1.03,128,14,7881,D:\Projects\Major-Project\Data\Emotive\BCI data\1\BCI data\New folder\Brijesh 1_EPOCX_782854_2026.04.22T11.34.26+05.30.md.bp.csv,D:\Projects\Major-Project\Data\Emotive\BCI data\1\BCI data\New folder\Brijesh 1_EPOCX_782854_2026.04.22T11.34.26+05.30_intervalMarker.csv,D:\Projects\Major-Project\Data\Emotive\BCI data\1\BCI data\New folder\Brijesh 1_EPOCX_782854_2026.04.22T11.34.26+05.30.json,2026.04.22T11.34.26+05.30,OK
S016,Brijesh 2,782854,EPOCX,web_test_main,1776838061.262675,1776838162.488489,1.69,128,14,12965,D:\Projects\Major-Project\Data\Emotive\BCI data\1\BCI data\New folder\Brijesh 2_EPOCX_782854_2026.04.22T11.37.41+05.30.md.bp.csv,D:\Projects\Major-Project\Data\Emotive\BCI data\1\BCI data\New folder\Brijesh 2_EPOCX_782854_2026.04.22T11.37.41+05.30_intervalMarker.csv,D:\Projects\Major-Project\Data\Emotive\BCI data\1\BCI data\New folder\Brijesh 2_EPOCX_782854_2026.04.22T11.37.41+05.30.json,2026.04.22T11.37.41+05.30,OK
S017,Brijesh 3,782854,EPOCX,web_test_main,1776838211.836567,1776838311.532871,1.66,128,14,12769,D:\Projects\Major-Project\Data\Emotive\BCI data\1\BCI data\New folder\Brijesh 3_EPOCX_782854_2026.04.22T11.40.11+05.30.md.bp.csv,D:\Projects\Major-Project\Data\Emotive\BCI data\1\BCI data\New folder\Brijesh 3_EPOCX_782854_2026.04.22T11.40.11+05.30_intervalMarker.csv,D:\Projects\Major-Project\Data\Emotive\BCI data\1\BCI data\New folder\Brijesh 3_EPOCX_782854_2026.04.22T11.40.11+05.30.json,2026.04.22T11.40.11+05.30,OK
S018,Brijesh 4,782854,EPOCX,web_test_main,1776838363.160846,1776838465.262278,1.7,128,14,13077,D:\Projects\Major-Project\Data\Emotive\BCI data\1\BCI data\New folder\Brijesh 4_EPOCX_782854_2026.04.22T11.42.43+05.30.md.bp.csv,D:\Projects\Major-Project\Data\Emotive\BCI data\1\BCI data\New folder\Brijesh 4_EPOCX_782854_2026.04.22T11.42.43+05.30_intervalMarker.csv,D:\Projects\Major-Project\Data\Emotive\BCI data\1\BCI data\New folder\Brijesh 4_EPOCX_782854_2026.04.22T11.42.43+05.30.json,2026.04.22T11.42.43+05.30,OK
S019,bunny,780182,EPOCX,web_test_main,1776581343.405893,1776581912.785274,9.49,128,14,72921,D:\Projects\Major-Project\Data\Emotive\BCI data\1\BCI data\New folder\bunny_EPOCX_780182_2026.04.19T12.19.03+05.30.md.bp.csv,D:\Projects\Major-Project\Data\Emotive\BCI data\1\BCI data\New folder\bunny_EPOCX_780182_2026.04.19T12.19.03+05.30_intervalMarker.csv,D:\Projects\Major-Project\Data\Emotive\BCI data\1\BCI data\New folder\bunny_EPOCX_780182_2026.04.19T12.19.03+05.30.json,2026.04.19T12.19.03+05.30,OK
S020,dhanush H U,778793,EPOCX,web_test_main,1776407905.207495,1776408619.321653,11.9,128,14,91457,D:\Projects\Major-Project\Data\Emotive\BCI data\1\BCI data\New folder\dhanush H U_EPOCX_778793_2026.04.17T12.08.25+05.30.md.bp.csv,D:\Projects\Major-Project\Data\Emotive\BCI data\1\BCI data\New folder\dhanush H U_EPOCX_778793_2026.04.17T12.08.25+05.30_intervalMarker.csv,D:\Projects\Major-Project\Data\Emotive\BCI data\1\BCI data\New folder\dhanush H U_EPOCX_778793_2026.04.17T12.08.25+05.30.json,2026.04.17T12.08.25+05.30,OK
S021,Dhrshan G,777672,EPOCX,web_test_main,1776331422.98652,1776332170.159769,12.45,128,14,95279,D:\Projects\Major-Project\Data\Emotive\BCI data\1\BCI data\New folder\Dhrshan G_EPOCX_777672_2026.04.16T14.53.42+05.30.md.bp.csv,D:\Projects\Major-Project\Data\Emotive\BCI data\1\BCI data\New folder\Dhrshan G_EPOCX_777672_2026.04.16T14.53.42+05.30_intervalMarker.csv,D:\Projects\Major-Project\Data\Emotive\BCI data\1\BCI data\New folder\Dhrshan G_EPOCX_777672_2026.04.16T14.53.42+05.30.json,2026.04.16T14.53.42+05.30,OK
S022,Lakshmi,587822,EPOCX,web_test_main,1776850574.949276,1776851134.177844,9.32,128,14,71621,D:\Projects\Major-Project\Data\Emotive\BCI data\1\BCI data\New folder\Lakshmi_EPOCX_587822_2026.04.22T15.06.14+05.30.md.bp.csv,D:\Projects\Major-Project\Data\Emotive\BCI data\1\BCI data\New folder\Lakshmi_EPOCX_587822_2026.04.22T15.06.14+05.30_intervalMarker.csv,D:\Projects\Major-Project\Data\Emotive\BCI data\1\BCI data\New folder\Lakshmi_EPOCX_587822_2026.04.22T15.06.14+05.30.json,2026.04.22T15.06.14+05.30,OK
S023,Maanya,587822,EPOCX,web_test_main,1777371916.511084,1777372719.607245,13.38,128,14,102853,D:\Projects\Major-Project\Data\Emotive\BCI data\1\BCI data\New folder\Maanya_EPOCX_587822_2026.04.28T15.55.16+05.30.md.bp.csv,D:\Projects\Major-Project\Data\Emotive\BCI data\1\BCI data\New folder\Maanya_EPOCX_587822_2026.04.28T15.55.16+05.30(1)_intervalMarker.csv,D:\Projects\Major-Project\Data\Emotive\BCI data\1\BCI data\New folder\Maanya_EPOCX_587822_2026.04.28T15.55.16+05.30(1).json,2026.04.28T15.55.16+05.30,OK
S024,manu,587822,EPOCX,web_test_main,1776418249.523643,1776419058.244334,13.48,128,14,64332,D:\Projects\Major-Project\Data\Emotive\BCI data\1\BCI data\New folder\manu_EPOCX_587822_2026.04.17T15.00.49+05.30.md.bp.csv,D:\Projects\Major-Project\Data\Emotive\BCI data\1\BCI data\New folder\manu_EPOCX_587822_2026.04.17T15.00.49+05.30_intervalMarker.csv,D:\Projects\Major-Project\Data\Emotive\BCI data\1\BCI data\New folder\manu_EPOCX_587822_2026.04.17T15.00.49+05.30.json,2026.04.17T15.00.49+05.30,OK
S025,niranjan k,784239,EPOCX,web_test_main,1776919145.088719,1776919921.481146,12.94,128,14,99433,D:\Projects\Major-Project\Data\Emotive\BCI data\1\BCI data\New folder\niranjan k_EPOCX_784239_2026.04.23T10.09.05+05.30.md.bp.csv,D:\Projects\Major-Project\Data\Emotive\BCI data\1\BCI data\New folder\niranjan k_EPOCX_784239_2026.04.23T10.09.05+05.30_intervalMarker.csv,D:\Projects\Major-Project\Data\Emotive\BCI data\1\BCI data\New folder\niranjan k_EPOCX_784239_2026.04.23T10.09.05+05.30.json,2026.04.23T10.09.05+05.30,OK
S026,Nishanth,587822,EPOCX,web_test_main,1776333100.283673,1776333811.431235,11.85,128,14,85101,D:\Projects\Major-Project\Data\Emotive\BCI data\1\BCI data\New folder\Nishanth_EPOCX_587822_2026.04.16T15.21.40+05.30.md.bp.csv,D:\Projects\Major-Project\Data\Emotive\BCI data\1\BCI data\New folder\Nishanth_EPOCX_587822_2026.04.16T15.21.40+05.30_intervalMarker.csv,D:\Projects\Major-Project\Data\Emotive\BCI data\1\BCI data\New folder\Nishanth_EPOCX_587822_2026.04.16T15.21.40+05.30.json,2026.04.16T15.21.40+05.30,OK
S027,nitish,779486,EPOCX,web_test_main,1776492675.496498,1776493282.41893,10.12,128,14,77729,D:\Projects\Major-Project\Data\Emotive\BCI data\1\BCI data\New folder\nitish_EPOCX_779486_2026.04.18T11.41.15+05.30.md.bp.csv,D:\Projects\Major-Project\Data\Emotive\BCI data\1\BCI data\New folder\nitish_EPOCX_779486_2026.04.18T11.41.15+05.30_intervalMarker.csv,D:\Projects\Major-Project\Data\Emotive\BCI data\1\BCI data\New folder\nitish_EPOCX_779486_2026.04.18T11.41.15+05.30.json,2026.04.18T11.41.15+05.30,OK
S028,Pragati,587822,EPOCX,web_test_main,1776937083.693329,1776938020.141413,15.61,128,14,81791,D:\Projects\Major-Project\Data\Emotive\BCI data\1\BCI data\New folder\Pragati_EPOCX_587822_2026.04.23T15.08.03+05.30.md.bp.csv,D:\Projects\Major-Project\Data\Emotive\BCI data\1\BCI data\New folder\Pragati_EPOCX_587822_2026.04.23T15.08.03+05.30_intervalMarker.csv,D:\Projects\Major-Project\Data\Emotive\BCI data\1\BCI data\New folder\Pragati_EPOCX_587822_2026.04.23T15.08.03+05.30.json,2026.04.23T15.08.03+05.30,OK
S029,prajesh,587822,EPOCX,web_test_main,1776421962.942325,1776422600.8166,10.63,128,14,81693,D:\Projects\Major-Project\Data\Emotive\BCI data\1\BCI data\New folder\prajesh_EPOCX_587822_2026.04.17T16.02.42+05.30.md.bp.csv,D:\Projects\Major-Project\Data\Emotive\BCI data\1\BCI data\New folder\prajesh_EPOCX_587822_2026.04.17T16.02.42+05.30_intervalMarker.csv,D:\Projects\Major-Project\Data\Emotive\BCI data\1\BCI data\New folder\prajesh_EPOCX_587822_2026.04.17T16.02.42+05.30.json,2026.04.17T16.02.42+05.30,OK
S030,Prathap,587822,EPOCX,web_test_main,1776415401.712609,1776416125.571506,12.06,128,14,83706,D:\Projects\Major-Project\Data\Emotive\BCI data\1\BCI data\New folder\Prathap_EPOCX_587822_2026.04.17T14.13.21+05.30.md.bp.csv,D:\Projects\Major-Project\Data\Emotive\BCI data\1\BCI data\New folder\Prathap_EPOCX_587822_2026.04.17T14.13.21+05.30_intervalMarker.csv,D:\Projects\Major-Project\Data\Emotive\BCI data\1\BCI data\New folder\Prathap_EPOCX_587822_2026.04.17T14.13.21+05.30.json,2026.04.17T14.13.21+05.30,OK
S031,rahul jain,777638,EPOCX,web_test_main,1776329975.204443,1776330808.317129,13.89,128,14,106697,D:\Projects\Major-Project\Data\Emotive\BCI data\1\BCI data\New folder\rahul jain_EPOCX_777638_2026.04.16T14.29.35+05.30.md.bp.csv,D:\Projects\Major-Project\Data\Emotive\BCI data\1\BCI data\New folder\rahul jain_EPOCX_777638_2026.04.16T14.29.35+05.30_intervalMarker.csv,D:\Projects\Major-Project\Data\Emotive\BCI data\1\BCI data\New folder\rahul jain_EPOCX_777638_2026.04.16T14.29.35+05.30.json,2026.04.16T14.29.35+05.30,OK
S032,revanth reddy,780184,EPOCX,web_test_main,1776582223.086319,1776582891.757624,11.14,128,14,85637,D:\Projects\Major-Project\Data\Emotive\BCI data\1\BCI data\New folder\revanth reddy_EPOCX_780184_2026.04.19T12.33.43+05.30.md.bp.csv,D:\Projects\Major-Project\Data\Emotive\BCI data\1\BCI data\New folder\revanth reddy_EPOCX_780184_2026.04.19T12.33.43+05.30_intervalMarker.csv,D:\Projects\Major-Project\Data\Emotive\BCI data\1\BCI data\New folder\revanth reddy_EPOCX_780184_2026.04.19T12.33.43+05.30.json,2026.04.19T12.33.43+05.30,OK
S033,rohith v,784187,EPOCX,web_test_main,1776917105.908767,1776917774.109823,11.14,128,14,85577,D:\Projects\Major-Project\Data\Emotive\BCI data\1\BCI data\New folder\rohith v_EPOCX_784187_2026.04.23T09.35.05+05.30.md.bp.csv,D:\Projects\Major-Project\Data\Emotive\BCI data\1\BCI data\New folder\rohith v_EPOCX_784187_2026.04.23T09.35.05+05.30_intervalMarker.csv,D:\Projects\Major-Project\Data\Emotive\BCI data\1\BCI data\New folder\rohith v_EPOCX_784187_2026.04.23T09.35.05+05.30.json,2026.04.23T09.35.05+05.30,OK
S034,Sanjay,587822,EPOCX,web_test_main,1777005857.496435,1777006490.935227,10.56,128,14,81125,D:\Projects\Major-Project\Data\Emotive\BCI data\1\BCI data\New folder\Sanjay_EPOCX_587822_2026.04.24T10.14.17+05.30.md.bp.csv,D:\Projects\Major-Project\Data\Emotive\BCI data\1\BCI data\New folder\Sanjay_EPOCX_587822_2026.04.24T10.14.17+05.30_intervalMarker.csv,D:\Projects\Major-Project\Data\Emotive\BCI data\1\BCI data\New folder\Sanjay_EPOCX_587822_2026.04.24T10.14.17+05.30.json,2026.04.24T10.14.17+05.30,OK
S035,sankalp,781901,EPOCX,web_test_main,1776751333.394065,1776752015.930301,11.38,128,14,87413,D:\Projects\Major-Project\Data\Emotive\BCI data\1\BCI data\New folder\sankalp_EPOCX_781901_2026.04.21T11.32.13+05.30.md.bp.csv,D:\Projects\Major-Project\Data\Emotive\BCI data\1\BCI data\New folder\sankalp_EPOCX_781901_2026.04.21T11.32.13+05.30_intervalMarker.csv,D:\Projects\Major-Project\Data\Emotive\BCI data\1\BCI data\New folder\sankalp_EPOCX_781901_2026.04.21T11.32.13+05.30.json,2026.04.21T11.32.13+05.30,OK
S036,shaina,587822,EPOCX,web_test_main,1776940873.61623,1776941499.310496,10.43,128,14,80133,D:\Projects\Major-Project\Data\Emotive\BCI data\1\BCI data\New folder\shaina_EPOCX_587822_2026.04.23T16.11.13+05.30.md.bp.csv,D:\Projects\Major-Project\Data\Emotive\BCI data\1\BCI data\New folder\shaina_EPOCX_587822_2026.04.23T16.11.13+05.30_intervalMarker.csv,D:\Projects\Major-Project\Data\Emotive\BCI data\1\BCI data\New folder\shaina_EPOCX_587822_2026.04.23T16.11.13+05.30.json,2026.04.23T16.11.13+05.30,OK
S037,Suhas,587822,EPOCX,web_test_main,1776424323.490532,1776424898.991861,9.59,128,14,47886,D:\Projects\Major-Project\Data\Emotive\BCI data\1\BCI data\New folder\Suhas_EPOCX_587822_2026.04.17T16.42.03+05.30.md.bp.csv,D:\Projects\Major-Project\Data\Emotive\BCI data\1\BCI data\New folder\Suhas_EPOCX_587822_2026.04.17T16.42.03+05.30_intervalMarker.csv,D:\Projects\Major-Project\Data\Emotive\BCI data\1\BCI data\New folder\Suhas_EPOCX_587822_2026.04.17T16.42.03+05.30.json,2026.04.17T16.42.03+05.30,OK
S038,tharun karun,780185,EPOCX,web_test_main,1776583197.124051,1776583931.852133,12.25,128,14,94097,D:\Projects\Major-Project\Data\Emotive\BCI data\1\BCI data\New folder\tharun karun_EPOCX_780185_2026.04.19T12.49.57+05.30.md.bp.csv,D:\Projects\Major-Project\Data\Emotive\BCI data\1\BCI data\New folder\tharun karun_EPOCX_780185_2026.04.19T12.49.57+05.30_intervalMarker.csv,D:\Projects\Major-Project\Data\Emotive\BCI data\1\BCI data\New folder\tharun karun_EPOCX_780185_2026.04.19T12.49.57+05.30.json,2026.04.19T12.49.57+05.30,OK
S039,Uma H M,777408,EPOCX,web_test_main,1776323759.202277,1776324452.827058,11.56,128,14,88833,D:\Projects\Major-Project\Data\Emotive\BCI data\1\BCI data\New folder\Uma H M_EPOCX_777408_2026.04.16T12.45.59+05.30.md.bp.csv,D:\Projects\Major-Project\Data\Emotive\BCI data\1\BCI data\New folder\Uma H M_EPOCX_777408_2026.04.16T12.45.59+05.30_intervalMarker.csv,D:\Projects\Major-Project\Data\Emotive\BCI data\1\BCI data\New folder\Uma H M_EPOCX_777408_2026.04.16T12.45.59+05.30.json,2026.04.16T12.45.59+05.30,OK
S040,Venkat,587822,EPOCX,web_test_main,1776425536.835192,1776426212.860864,11.27,128,14,67523,D:\Projects\Major-Project\Data\Emotive\BCI data\1\BCI data\New folder\Venkat_EPOCX_587822_2026.04.17T17.02.16+05.30.md.bp.csv,D:\Projects\Major-Project\Data\Emotive\BCI data\1\BCI data\New folder\Venkat_EPOCX_587822_2026.04.17T17.02.16+05.30_intervalMarker.csv,D:\Projects\Major-Project\Data\Emotive\BCI data\1\BCI data\New folder\Venkat_EPOCX_587822_2026.04.17T17.02.16+05.30.json,2026.04.17T17.02.16+05.30,OK
S041,yash raj,784305,EPOCX,web_test_main,1776939556.67178,1776940277.407128,12.01,128,14,92305,D:\Projects\Major-Project\Data\Emotive\BCI data\1\BCI data\New folder\yash raj_EPOCX_784305_2026.04.23T15.49.16+05.30.md.bp.csv,D:\Projects\Major-Project\Data\Emotive\BCI data\1\BCI data\New folder\yash raj_EPOCX_784305_2026.04.23T15.49.16+05.30_intervalMarker.csv,D:\Projects\Major-Project\Data\Emotive\BCI data\1\BCI data\New folder\yash raj_EPOCX_784305_2026.04.23T15.49.16+05.30.json,2026.04.23T15.49.16+05.30,OK
S042,yashwanth,780183,EPOCX,web_test_main,1776580158.075393,1776580892.711479,12.24,128,14,94085,D:\Projects\Major-Project\Data\Emotive\BCI data\1\BCI data\New folder\yashwanth_EPOCX_780183_2026.04.19T11.59.18+05.30.md.bp.csv,D:\Projects\Major-Project\Data\Emotive\BCI data\1\BCI data\New folder\yashwanth_EPOCX_780183_2026.04.19T11.59.18+05.30_intervalMarker.csv,D:\Projects\Major-Project\Data\Emotive\BCI data\1\BCI data\New folder\yashwanth_EPOCX_780183_2026.04.19T11.59.18+05.30.json,2026.04.19T11.59.18+05.30,OK
S043,participant 11,791505,EPOCX,stress_evaluation,1777540050.527631,1777541133.284036,18.05,128,14,138669,D:\Projects\Major-Project\Data\Emotive\BCI data\1\BCI data\Stress evaluation\participant_11_EPOCX_791505_2026.04.30T14.37.30+05.30.md.csv,D:\Projects\Major-Project\Data\Emotive\BCI data\1\BCI data\Stress evaluation\participant_11_EPOCX_791505_2026.04.30T14.37.30+05.30_intervalMarker.csv,D:\Projects\Major-Project\Data\Emotive\BCI data\1\BCI data\Stress evaluation\participant_11_EPOCX_791505_2026.04.30T14.37.30+05.30.json,2026.04.30T14.37.30+05.30,OK
S044,participant 13,799254,EPOCX,stress_evaluation,1778257512.410267,1778258543.163993,17.18,128,14,132009,D:\Projects\Major-Project\Data\Emotive\BCI data\1\BCI data\Stress evaluation\participant_13_EPOCX_799254_2026.05.08T21.55.12+05.30.md.csv,D:\Projects\Major-Project\Data\Emotive\BCI data\1\BCI data\Stress evaluation\participant_13_EPOCX_799254_2026.05.08T21.55.12+05.30_intervalMarker.csv,D:\Projects\Major-Project\Data\Emotive\BCI data\1\BCI data\Stress evaluation\participant_13_EPOCX_799254_2026.05.08T21.55.12+05.30.json,2026.05.08T21.55.12+05.30,OK
S045,participant 14,800903,EPOCX,stress_evaluation,1778522470.071495,1778523191.306687,12.02,128,14,92369,D:\Projects\Major-Project\Data\Emotive\BCI data\1\BCI data\Stress evaluation\participant_14_EPOCX_800903_2026.05.11T23.31.10+05.30.md.csv,D:\Projects\Major-Project\Data\Emotive\BCI data\1\BCI data\Stress evaluation\participant_14_EPOCX_800903_2026.05.11T23.31.10+05.30_intervalMarker.csv,D:\Projects\Major-Project\Data\Emotive\BCI data\1\BCI data\Stress evaluation\participant_14_EPOCX_800903_2026.05.11T23.31.10+05.30.json,2026.05.11T23.31.10+05.30,OK
S046,participant 15,803292,EPOCX,stress_evaluation,1778948745.175255,1778949647.624509,15.04,128,14,115577,D:\Projects\Major-Project\Data\Emotive\BCI data\1\BCI data\Stress evaluation\participant_15_EPOCX_803292_2026.05.16T21.55.45+05.30.md.csv,D:\Projects\Major-Project\Data\Emotive\BCI data\1\BCI data\Stress evaluation\participant_15_EPOCX_803292_2026.05.16T21.55.45+05.30_intervalMarker.csv,D:\Projects\Major-Project\Data\Emotive\BCI data\1\BCI data\Stress evaluation\participant_15_EPOCX_803292_2026.05.16T21.55.45+05.30.json,2026.05.16T21.55.45+05.30,OK
S047,participant 1,UNKNOWN,EPOCX,stress_evaluation,1776771375.078356,1776772269.813703,14.91,128,14,114589,D:\Projects\Major-Project\Data\Emotive\BCI data\1\BCI data\Stress evaluation\participant_1_EPOCX_2026.04.21T17.06.15+05.30.md.csv,D:\Projects\Major-Project\Data\Emotive\BCI data\1\BCI data\Stress evaluation\participant_1_EPOCX_2026.04.21T17.06.15+05.30_intervalMarker.csv,D:\Projects\Major-Project\Data\Emotive\BCI data\1\BCI data\Stress evaluation\participant_1_EPOCX_2026.04.21T17.06.15+05.30.json,2026.04.21T17.06.15+05.30,OK
S048,participant 2,783127,EPOCX,stress_evaluation,1776857335.700359,1776858728.85316,23.22,128,14,178421,D:\Projects\Major-Project\Data\Emotive\BCI data\1\BCI data\Stress evaluation\participant_2_EPOCX_783127_2026.04.22T16.58.55+05.30.md.csv,D:\Projects\Major-Project\Data\Emotive\BCI data\1\BCI data\Stress evaluation\participant_2_EPOCX_783127_2026.04.22T16.58.55+05.30_intervalMarker.csv,D:\Projects\Major-Project\Data\Emotive\BCI data\1\BCI data\Stress evaluation\participant_2_EPOCX_783127_2026.04.22T16.58.55+05.30.json,2026.04.22T16.58.55+05.30,OK
S049,participant 3,784998,EPOCX,stress_evaluation,1776966962.13548,1776967923.022183,16.01,128,14,123061,D:\Projects\Major-Project\Data\Emotive\BCI data\1\BCI data\Stress evaluation\participant_3_EPOCX_784998_2026.04.23T23.26.02+05.30.md.csv,D:\Projects\Major-Project\Data\Emotive\BCI data\1\BCI data\Stress evaluation\participant_3_EPOCX_784998_2026.04.23T23.26.02+05.30_intervalMarker.csv,D:\Projects\Major-Project\Data\Emotive\BCI data\1\BCI data\Stress evaluation\participant_3_EPOCX_784998_2026.04.23T23.26.02+05.30.json,2026.04.23T23.26.02+05.30,OK
S050,participant 5,785987,EPOCX,stress_evaluation,1777055167.840984,1777056969.085422,30.02,128,14,230685,D:\Projects\Major-Project\Data\Emotive\BCI data\1\BCI data\Stress evaluation\participant_5_EPOCX_785987_2026.04.24T23.56.07+05.30.md.csv,D:\Projects\Major-Project\Data\Emotive\BCI data\1\BCI data\Stress evaluation\participant_5_EPOCX_785987_2026.04.24T23.56.07+05.30_intervalMarker.csv,D:\Projects\Major-Project\Data\Emotive\BCI data\1\BCI data\Stress evaluation\participant_5_EPOCX_785987_2026.04.24T23.56.07+05.30.json,2026.04.24T23.56.07+05.30,OK
S051,participant 6,788504,EPOCX,stress_evaluation,1777358748.382733,1777359782.666795,17.24,128,14,132461,D:\Projects\Major-Project\Data\Emotive\BCI data\1\BCI data\Stress evaluation\participant_6_EPOCX_788504_2026.04.28T12.15.48+05.30.md.csv,D:\Projects\Major-Project\Data\Emotive\BCI data\1\BCI data\Stress evaluation\participant_6_EPOCX_788504_2026.04.28T12.15.48+05.30_intervalMarker.csv,D:\Projects\Major-Project\Data\Emotive\BCI data\1\BCI data\Stress evaluation\participant_6_EPOCX_788504_2026.04.28T12.15.48+05.30.json,2026.04.28T12.15.48+05.30,OK
S052,participant 7,789287,EPOCX,stress_evaluation,1777394977.039556,1777396297.886956,22.01,128,14,169161,D:\Projects\Major-Project\Data\Emotive\BCI data\1\BCI data\Stress evaluation\participant_7_EPOCX_789287_2026.04.28T22.19.37+05.30.md.csv,D:\Projects\Major-Project\Data\Emotive\BCI data\1\BCI data\Stress evaluation\participant_7_EPOCX_789287_2026.04.28T22.19.37+05.30_intervalMarker.csv,D:\Projects\Major-Project\Data\Emotive\BCI data\1\BCI data\Stress evaluation\participant_7_EPOCX_789287_2026.04.28T22.19.37+05.30.json,2026.04.28T22.19.37+05.30,OK
S053,participant 9,790904,EPOCX,stress_evaluation,1777478119.222619,1777479083.888437,16.08,128,14,123545,D:\Projects\Major-Project\Data\Emotive\BCI data\1\BCI data\Stress evaluation\participant_9_EPOCX_790904_2026.04.29T21.25.19+05.30.md.csv,D:\Projects\Major-Project\Data\Emotive\BCI data\1\BCI data\Stress evaluation\participant_9_EPOCX_790904_2026.04.29T21.25.19+05.30_intervalMarker.csv,D:\Projects\Major-Project\Data\Emotive\BCI data\1\BCI data\Stress evaluation\participant_9_EPOCX_790904_2026.04.29T21.25.19+05.30.json,2026.04.29T21.25.19+05.30,OK
S054,aaditya,791513,EPOCX,web_test_main,1777543800.14221,1777544479.212363,11.32,128,14,86969,D:\Projects\Major-Project\Data\Emotive\BCI data\2\BCI data\New folder\aaditya_EPOCX_791513_2026.04.30T15.40.00+05.30.md.bp.csv,D:\Projects\Major-Project\Data\Emotive\BCI data\1\BCI data\New folder\aaditya_EPOCX_791513_2026.04.30T15.40.00+05.30_intervalMarker.csv,D:\Projects\Major-Project\Data\Emotive\BCI data\1\BCI data\New folder\aaditya_EPOCX_791513_2026.04.30T15.40.00+05.30.json,2026.04.30T15.40.00+05.30,OK
S055,amey,781864,EPOCX,web_test_main,1776746643.714302,1776747415.920909,12.87,128,14,98897,D:\Projects\Major-Project\Data\Emotive\BCI data\2\BCI data\New folder\amey_EPOCX_781864_2026.04.21T10.14.03+05.30.md.bp.csv,D:\Projects\Major-Project\Data\Emotive\BCI data\1\BCI data\New folder\amey_EPOCX_781864_2026.04.21T10.14.03+05.30_intervalMarker.csv,D:\Projects\Major-Project\Data\Emotive\BCI data\1\BCI data\New folder\amey_EPOCX_781864_2026.04.21T10.14.03+05.30.json,2026.04.21T10.14.03+05.30,OK
S056,Darshini,587822,EPOCX,web_test_main,1776334369.848164,1776335218.138407,14.14,128,14,108641,D:\Projects\Major-Project\Data\Emotive\BCI data\2\BCI data\New folder\Darshini_EPOCX_587822_2026.04.16T15.42.49+05.30.md.bp.csv,D:\Projects\Major-Project\Data\Emotive\BCI data\1\BCI data\New folder\Darshini_EPOCX_587822_2026.04.16T15.42.49+05.30_intervalMarker.csv,D:\Projects\Major-Project\Data\Emotive\BCI data\1\BCI data\New folder\Darshini_EPOCX_587822_2026.04.16T15.42.49+05.30.json,2026.04.16T15.42.49+05.30,OK
S057,girish,775856,EPOCX,web_test_main,1776228258.503544,1776228949.691079,11.52,256,14,177041,D:\Projects\Major-Project\Data\Emotive\BCI data\2\BCI data\New folder\girish_EPOCX_775856_2026.04.15T10.14.18+05.30.md.bp.csv,D:\Projects\Major-Project\Data\Emotive\BCI data\1\BCI data\New folder\girish_EPOCX_775856_2026.04.15T10.14.18+05.30_intervalMarker.csv,D:\Projects\Major-Project\Data\Emotive\BCI data\1\BCI data\New folder\girish_EPOCX_775856_2026.04.15T10.14.18+05.30.json,2026.04.15T10.14.18+05.30,OK
S058,Kushal,587822,EPOCX,web_test_main,1777544989.905374,1777545935.987633,15.77,128,14,121165,D:\Projects\Major-Project\Data\Emotive\BCI data\2\BCI data\New folder\Kushal_EPOCX_587822_2026.04.30T15.59.49+05.30.md.bp.csv,D:\Projects\Major-Project\Data\Emotive\BCI data\1\BCI data\New folder\Kushal_EPOCX_587822_2026.04.30T15.59.49+05.30_intervalMarker.csv,D:\Projects\Major-Project\Data\Emotive\BCI data\1\BCI data\New folder\Kushal_EPOCX_587822_2026.04.30T15.59.49+05.30.json,2026.04.30T15.59.49+05.30,OK
S059,m1,773447,EPOCX,web_test_main,1776076231.770925,1776076967.309987,12.26,256,14,188401,D:\Projects\Major-Project\Data\Emotive\BCI data\2\BCI data\New folder\m1_EPOCX_773447_2026.04.13T16.00.31+05.30.md.bp.csv,D:\Projects\Major-Project\Data\Emotive\BCI data\1\BCI data\New folder\m1_EPOCX_773447_2026.04.13T16.00.31+05.30_intervalMarker.csv,D:\Projects\Major-Project\Data\Emotive\BCI data\1\BCI data\New folder\m1_EPOCX_773447_2026.04.13T16.00.31+05.30.json,2026.04.13T16.00.31+05.30,OK
S060,Maanya,587822,EPOCX,web_test_main,1777371916.511084,1777372719.607245,13.38,128,14,102853,D:\Projects\Major-Project\Data\Emotive\BCI data\2\BCI data\New folder\Maanya_EPOCX_587822_2026.04.28T15.55.16+05.30(1).md.bp.csv,D:\Projects\Major-Project\Data\Emotive\BCI data\1\BCI data\New folder\Maanya_EPOCX_587822_2026.04.28T15.55.16+05.30(1)_intervalMarker.csv,D:\Projects\Major-Project\Data\Emotive\BCI data\1\BCI data\New folder\Maanya_EPOCX_587822_2026.04.28T15.55.16+05.30(1).json,2026.04.28T15.55.16+05.30,OK
S061,pradeep kumar,787408,EPOCX,web_test_main,1777260478.238295,1777261284.833554,13.44,128,14,103301,D:\Projects\Major-Project\Data\Emotive\BCI data\2\BCI data\New folder\pradeep kumar_EPOCX_787408_2026.04.27T08.57.58+05.30.md.bp.csv,D:\Projects\Major-Project\Data\Emotive\BCI data\1\BCI data\New folder\pradeep kumar_EPOCX_787408_2026.04.27T08.57.58+05.30_intervalMarker.csv,D:\Projects\Major-Project\Data\Emotive\BCI data\1\BCI data\New folder\pradeep kumar_EPOCX_787408_2026.04.27T08.57.58+05.30.json,2026.04.27T08.57.58+05.30,OK
S062,Preetham,587822,EPOCX,web_test_main,1776834212.998644,1776834811.175065,9.97,128,14,76609,D:\Projects\Major-Project\Data\Emotive\BCI data\2\BCI data\New folder\Preetham_EPOCX_587822_2026.04.22T10.33.32+05.30.md.bp.csv,D:\Projects\Major-Project\Data\Emotive\BCI data\1\BCI data\New folder\Preetham_EPOCX_587822_2026.04.22T10.33.32+05.30_intervalMarker.csv,D:\Projects\Major-Project\Data\Emotive\BCI data\1\BCI data\New folder\Preetham_EPOCX_587822_2026.04.22T10.33.32+05.30.json,2026.04.22T10.33.32+05.30,OK
S063,Rishab,587822,EPOCX,web_test_main,1777458952.104872,1777459834.221262,14.7,128,14,112973,D:\Projects\Major-Project\Data\Emotive\BCI data\2\BCI data\New folder\Rishab_EPOCX_587822_2026.04.29T16.05.52+05.30.md.bp.csv,D:\Projects\Major-Project\Data\Emotive\BCI data\1\BCI data\New folder\Rishab_EPOCX_587822_2026.04.29T16.05.52+05.30_intervalMarker.csv,D:\Projects\Major-Project\Data\Emotive\BCI data\1\BCI data\New folder\Rishab_EPOCX_587822_2026.04.29T16.05.52+05.30.json,2026.04.29T16.05.52+05.30,OK
S064,rishi,773183,EPOCX,web_test_main,1776064428.928776,1776065147.976239,11.98,256,14,184177,D:\Projects\Major-Project\Data\Emotive\BCI data\2\BCI data\New folder\rishi_EPOCX_773183_2026.04.13T12.43.48+05.30.md.bp.csv,D:\Projects\Major-Project\Data\Emotive\BCI data\1\BCI data\New folder\rishi_EPOCX_773183_2026.04.13T12.43.48+05.30_intervalMarker.csv,D:\Projects\Major-Project\Data\Emotive\BCI data\1\BCI data\New folder\rishi_EPOCX_773183_2026.04.13T12.43.48+05.30.json,2026.04.13T12.43.48+05.30,OK
S065,santhosh,781922,EPOCX,web_test_main,1776760861.633695,1776761747.62439,14.77,128,14,113469,D:\Projects\Major-Project\Data\Emotive\BCI data\2\BCI data\New folder\santhosh_EPOCX_781922_2026.04.21T14.11.01+05.30.md.bp.csv,D:\Projects\Major-Project\Data\Emotive\BCI data\1\BCI data\New folder\santhosh_EPOCX_781922_2026.04.21T14.11.01+05.30_intervalMarker.csv,D:\Projects\Major-Project\Data\Emotive\BCI data\1\BCI data\New folder\santhosh_EPOCX_781922_2026.04.21T14.11.01+05.30.json,2026.04.21T14.11.01+05.30,OK
S066,yashas,777506,EPOCX,web_test_main,1776325192.428072,1776326113.304635,15.35,128,14,117937,D:\Projects\Major-Project\Data\Emotive\BCI data\2\BCI data\New folder\yashas_EPOCX_777506_2026.04.16T13.09.52+05.30.md.bp.csv,D:\Projects\Major-Project\Data\Emotive\BCI data\1\BCI data\New folder\yashas_EPOCX_777506_2026.04.16T13.09.52+05.30_intervalMarker.csv,D:\Projects\Major-Project\Data\Emotive\BCI data\1\BCI data\New folder\yashas_EPOCX_777506_2026.04.16T13.09.52+05.30.json,2026.04.16T13.09.52+05.30,OK
S067,participant 10,790938,EPOCX,stress_evaluation,1777480371.659433,1777481752.474658,23.01,128,14,176841,D:\Projects\Major-Project\Data\Emotive\BCI data\2\BCI data\Stress evaluation\participant_10_EPOCX_790938_2026.04.29T22.02.51+05.30.md.csv,D:\Projects\Major-Project\Data\Emotive\BCI data\1\BCI data\Stress evaluation\participant_10_EPOCX_790938_2026.04.29T22.02.51+05.30_intervalMarker.csv,D:\Projects\Major-Project\Data\Emotive\BCI data\1\BCI data\Stress evaluation\participant_10_EPOCX_790938_2026.04.29T22.02.51+05.30.json,2026.04.29T22.02.51+05.30,OK
S068,participant 12,799155,EPOCX,stress_evaluation,1778254250.185865,1778255870.995247,27.01,128,14,207577,D:\Projects\Major-Project\Data\Emotive\BCI data\2\BCI data\Stress evaluation\participant_12_EPOCX_799155_2026.05.08T21.00.50+05.30.md.csv,D:\Projects\Major-Project\Data\Emotive\BCI data\1\BCI data\Stress evaluation\participant_12_EPOCX_799155_2026.05.08T21.00.50+05.30_intervalMarker.csv,D:\Projects\Major-Project\Data\Emotive\BCI data\1\BCI data\Stress evaluation\participant_12_EPOCX_799155_2026.05.08T21.00.50+05.30.json,2026.05.08T21.00.50+05.30,OK
S069,participant 4,785888,EPOCX,stress_evaluation,1777050097.285153,1777051173.764501,17.94,128,14,137865,D:\Projects\Major-Project\Data\Emotive\BCI data\2\BCI data\Stress evaluation\participant_4_EPOCX_785888_2026.04.24T22.31.37+05.30.md.csv,D:\Projects\Major-Project\Data\Emotive\BCI data\1\BCI data\Stress evaluation\participant_4_EPOCX_785888_2026.04.24T22.31.37+05.30_intervalMarker.csv,D:\Projects\Major-Project\Data\Emotive\BCI data\1\BCI data\Stress evaluation\participant_4_EPOCX_785888_2026.04.24T22.31.37+05.30.json,2026.04.24T22.31.37+05.30,OK
S070,participant 8,790772,EPOCX,stress_evaluation,1777475940.213545,1777477177.513134,20.62,128,14,158461,D:\Projects\Major-Project\Data\Emotive\BCI data\2\BCI data\Stress evaluation\participant_8_EPOCX_790772_2026.04.29T20.49.00+05.30.md.csv,D:\Projects\Major-Project\Data\Emotive\BCI data\1\BCI data\Stress evaluation\participant_8_EPOCX_790772_2026.04.29T20.49.00+05.30_intervalMarker.csv,D:\Projects\Major-Project\Data\Emotive\BCI data\1\BCI data\Stress evaluation\participant_8_EPOCX_790772_2026.04.29T20.49.00+05.30.json,2026.04.29T20.49.00+05.30,OK
S071,varun,775922,EPOCX,web_test_main,1776230664.42859,1776231417.099221,12.54,256,14,180869,D:\Projects\Major-Project\Data\Emotive\BCI data\3\BCI data\New folder\varun_EPOCX_775922_2026.04.15T10.54.24+05.30.md.bp.csv,D:\Projects\Major-Project\Data\Emotive\BCI data\1\BCI data\New folder\varun_EPOCX_775922_2026.04.15T10.54.24+05.30_intervalMarker.csv,D:\Projects\Major-Project\Data\Emotive\BCI data\1\BCI data\New folder\varun_EPOCX_775922_2026.04.15T10.54.24+05.30.json,2026.04.15T10.54.24+05.30,OK
