session_id,participant_id,activity_type,time_taken_s,activity_start_unix_est,activity_end_unix_est,matched_eeg_file,eeg_start_unix,eeg_stop_unix,eeg_duration_s,eeg_relative_start_s,eeg_relative_end_s,sync_status,sync_confidence,sync_notes
00510913-ef74-4317-8cec-1ed6b6810e26,9ba91b50-1617-4060-b1c1-bddeb2407671,memory,207.0,1771166319.0,1771166526.0,,,,,,,NO_EEG_FOR_PARTICIPANT,NONE,
007d9942-c9fb-4fa4-9eb5-889c2c77d613,4b00bcd7-936b-42d2-99b5-c0b8b78272c9,arithmetic,82.0,1776330041.0,1776330123.0,,,,,,,NO_EEG_FOR_PARTICIPANT,NONE,
028ffd2c-a993-4f69-b42e-b109e4c81c13,9ba91b50-1617-4060-b1c1-bddeb2407671,comprehension,302.0,1771166560.0,1771166862.0,,,,,,,NO_EEG_FOR_PARTICIPANT,NONE,
03883032-ec6c-45c2-9a33-8241f9ad85ab,4885d4b0-45a4-4809-93f1-b004dd932716,arithmetic,76.0,1776323920.0,1776323996.0,D:\Projects\Major-Project\Data\Emotive\BCI data\1\BCI data\New folder\Uma H M_EPOCX_777408_2026.04.16T12.45.59+05.30.md.bp.csv,1776323759.202,1776324452.827,693.62,160.798,236.798,MATCHED,HIGH,Coverage: 100.0% | Overlap: 76s
048ea53c-41bc-488c-a429-cb59ef2330b8,50e80c06-aaf0-4193-90cb-eb43ae74b701,memory,97.0,1776834484.0,1776834581.0,,,,,,,NO_EEG_FOR_PARTICIPANT,NONE,
05e7a833-b51f-4f80-b08c-e74849c6e93b,038c88b9-98c6-4009-810c-b905483f4baf,pattern,48.0,1776850699.0,1776850747.0,,,,,,,NO_EEG_FOR_PARTICIPANT,NONE,
06826aa8-2102-4d15-ac5d-c0975ecd84f3,e1f19955-0fdb-4bdd-9131-707c165021f0,memory,98.0,1776761182.0,1776761280.0,,,,,,,NO_EEG_FOR_PARTICIPANT,NONE,
09317ad6-1a21-4207-9ddc-a19984e0ca52,15f6773b-607d-4409-a94f-78d24eac8e34,arithmetic,67.0,1776331499.0,1776331566.0,,,,,,,NO_EEG_FOR_PARTICIPANT,NONE,
0ce876b9-0bd2-4322-b1e7-ea5a8fc3edec,182b236c-a543-4d7f-b121-473dc33918f2,comprehension,97.0,1777372472.0,1777372569.0,D:\Projects\Major-Project\Data\Emotive\BCI data\1\BCI data\New folder\Maanya_EPOCX_587822_2026.04.28T15.55.16+05.30.md.bp.csv,1777371916.511,1777372719.607,803.1,555.489,652.489,MATCHED,HIGH,Coverage: 100.0% | Overlap: 97s
0d285f67-b953-4f30-9474-19804ccb9d6d,a32edb5b-8092-4f01-add0-35bbaf8e88b3,arithmetic,46.0,1777006009.0,1777006055.0,,,,,,,NO_EEG_FOR_PARTICIPANT,NONE,
0d5ffbda-cbd9-4234-909d-536a9dcc57b8,617c750a-6289-4403-8ead-1ee0ff4fcf88,comprehension,169.0,1776747068.0,1776747237.0,,,,,,,NO_EEG_FOR_PARTICIPANT,NONE,
0d898c25-96d2-4d4b-a3bf-ddb7783b14b5,a9fa0a9e-4c99-49b4-b75f-ba925babb6f9,attention,96.0,1776228845.0,1776228941.0,D:\Projects\Major-Project\Data\Emotive\BCI data\2\BCI data\New folder\girish_EPOCX_775856_2026.04.15T10.14.18+05.30.md.bp.csv,1776228258.504,1776228949.691,691.19,586.496,682.496,MATCHED,HIGH,Coverage: 100.0% | Overlap: 96s
0e415e0f-881d-4ed5-8b8a-480ccf0dcce2,38486085-f824-4b7b-82b0-ebfd7c8629e4,arithmetic,119.0,1776768170.0,1776768289.0,D:\Projects\Major-Project\Data\Emotive\BCI data\1\BCI data\New folder\akhilesh_EPOCX_781974_2026.04.21T16.11.03+05.30.md.bp.csv,1776768063.085,1776768795.283,732.2,106.915,225.915,MATCHED,HIGH,Coverage: 100.0% | Overlap: 119s
0e5d35a6-4dda-43af-9ce9-0c3fab99dff8,8c27a478-52f0-442d-a434-fe798e047585,comprehension,125.0,1776940005.0,1776940130.0,D:\Projects\Major-Project\Data\Emotive\BCI data\1\BCI data\New folder\yash raj_EPOCX_784305_2026.04.23T15.49.16+05.30.md.bp.csv,1776939556.672,1776940277.407,720.74,448.328,573.328,MATCHED,HIGH,Coverage: 100.0% | Overlap: 125s
0eb773be-0f09-4eb8-960e-b1f02f628c69,3cebc90b-7bb9-4438-bb6d-00b1b897bdf9,arithmetic,60.0,1777543997.0,1777544057.0,,,,,,,NO_EEG_FOR_PARTICIPANT,NONE,
10bfc74a-0aa4-4b27-8d80-47c3d719c1a3,038c88b9-98c6-4009-810c-b905483f4baf,attention,84.0,1776850999.0,1776851083.0,,,,,,,NO_EEG_FOR_PARTICIPANT,NONE,
11789692-2bf9-44ed-b95d-1b04a2dce8fd,4b00bcd7-936b-42d2-99b5-c0b8b78272c9,comprehension,198.0,1776330388.0,1776330586.0,,,,,,,NO_EEG_FOR_PARTICIPANT,NONE,
121692ac-e45b-4e5b-a433-1d1dd73326fa,617c750a-6289-4403-8ead-1ee0ff4fcf88,comprehension,169.0,1776747069.0,1776747238.0,,,,,,,NO_EEG_FOR_PARTICIPANT,NONE,
141631a8-1dff-4e92-bfa5-f628d236d46c,b17134fc-8dcf-4a39-b251-3e8e95b21315,memory,94.0,1776847194.0,1776847288.0,D:\Projects\Major-Project\Data\Emotive\BCI data\1\BCI data\New folder\aishu_EPOCX_587822_2026.04.22T14.06.03+05.30.md.bp.csv,1776846963.21,1776847557.013,593.8,230.79,324.79,MATCHED,HIGH,Coverage: 100.0% | Overlap: 94s
14a7d0b8-9749-4498-bdaf-49365e9bcf43,4b00bcd7-936b-42d2-99b5-c0b8b78272c9,attention,116.0,1776330628.0,1776330744.0,,,,,,,NO_EEG_FOR_PARTICIPANT,NONE,
15ad6373-ccf7-4c0f-8d65-1bdbf603389b,c33adeeb-6609-4bd1-8fbc-9b3562dea1d0,pattern,55.0,1776937524.0,1776937579.0,D:\Projects\Major-Project\Data\Emotive\BCI data\1\BCI data\New folder\Pragati_EPOCX_587822_2026.04.23T15.08.03+05.30.md.bp.csv,1776937083.693,1776938020.141,936.45,440.307,495.307,MATCHED,HIGH,Coverage: 100.0% | Overlap: 55s
15fe0aec-a408-40c6-a050-7fb14e1e57b9,8c27a478-52f0-442d-a434-fe798e047585,attention,93.0,1776940157.0,1776940250.0,D:\Projects\Major-Project\Data\Emotive\BCI data\1\BCI data\New folder\yash raj_EPOCX_784305_2026.04.23T15.49.16+05.30.md.bp.csv,1776939556.672,1776940277.407,720.74,600.328,693.328,MATCHED,HIGH,Coverage: 100.0% | Overlap: 93s
16203624-2026-49b2-8d75-3e5f6411e655,cbdba92c-9740-49a5-8627-91d15f9db8f9,arithmetic,118.0,1776064410.0,1776064528.0,,,,,,,NO_EEG_FOR_PARTICIPANT,NONE,
17f22ad3-f3d0-4e3a-97da-7cfbca42c0e5,4b00bcd7-936b-42d2-99b5-c0b8b78272c9,attention,116.0,1776330646.0,1776330762.0,,,,,,,NO_EEG_FOR_PARTICIPANT,NONE,
19359bcd-8122-44d4-874b-52529bd363ec,699dd060-e5d3-4dfb-bd49-1e58c9a7801d,pattern,43.0,1776492844.0,1776492887.0,D:\Projects\Major-Project\Data\Emotive\BCI data\1\BCI data\New folder\nitish_EPOCX_779486_2026.04.18T11.41.15+05.30.md.bp.csv,1776492675.496,1776493282.419,606.92,168.504,211.504,MATCHED,HIGH,Coverage: 100.0% | Overlap: 43s
1981a944-0b90-4ed3-9e6a-d45ca19b404f,e1f19955-0fdb-4bdd-9131-707c165021f0,attention,103.0,1776761617.0,1776761720.0,,,,,,,NO_EEG_FOR_PARTICIPANT,NONE,
19b1c0c2-90e6-4f2d-b10d-b05d7cb1e12d,1a3a8d1d-950a-441c-a128-58d9d18de7bc,pattern,37.0,1776917332.0,1776917369.0,,,,,,,NO_EEG_FOR_PARTICIPANT,NONE,
1a43bc66-9eb2-4277-bc83-12fb80a7fae0,d129448b-a4c5-49ee-9795-d4463d27334a,attention,91.0,1776408497.0,1776408588.0,D:\Projects\Major-Project\Data\Emotive\BCI data\1\BCI data\New folder\dhanush H U_EPOCX_778793_2026.04.17T12.08.25+05.30.md.bp.csv,1776407905.207,1776408619.322,714.11,591.793,682.793,MATCHED,HIGH,Coverage: 100.0% | Overlap: 91s
1b341d41-f9e8-42e6-b1ce-57fede4bcf93,daa69244-ed2c-41a5-883b-3352a4c9284b,attention,99.0,1776426073.0,1776426172.0,D:\Projects\Major-Project\Data\Emotive\BCI data\1\BCI data\New folder\Venkat_EPOCX_587822_2026.04.17T17.02.16+05.30.md.bp.csv,1776425536.835,1776426212.861,676.03,536.165,635.165,MATCHED,HIGH,Coverage: 100.0% | Overlap: 99s
1b6b1a9e-0dc9-4c88-8c32-588a387a7585,1a3a8d1d-950a-441c-a128-58d9d18de7bc,attention,86.0,1776917650.0,1776917736.0,,,,,,,NO_EEG_FOR_PARTICIPANT,NONE,
1c3002e7-5c95-4868-bfeb-4a97afa57dfc,3cebc90b-7bb9-4438-bb6d-00b1b897bdf9,pattern,52.0,1777544081.0,1777544133.0,,,,,,,NO_EEG_FOR_PARTICIPANT,NONE,
1cc2d90e-805d-46ca-97b6-e77711876de9,fed10af2-13dd-4f5a-9910-0c156c024547,memory,77.0,1776941199.0,1776941276.0,D:\Projects\Major-Project\Data\Emotive\BCI data\1\BCI data\New folder\shaina_EPOCX_587822_2026.04.23T16.11.13+05.30.md.bp.csv,1776940873.616,1776941499.31,625.69,325.384,402.384,MATCHED,HIGH,Coverage: 100.0% | Overlap: 77s
1d80e63c-60f5-445b-84d4-aa0dac4800e6,6f2c1a12-a0ec-4367-92f6-b0403cc5b56c,comprehension,190.0,1776583592.0,1776583782.0,D:\Projects\Major-Project\Data\Emotive\BCI data\1\BCI data\New folder\tharun karun_EPOCX_780185_2026.04.19T12.49.57+05.30.md.bp.csv,1776583197.124,1776583931.852,734.73,394.876,584.876,MATCHED,HIGH,Coverage: 100.0% | Overlap: 190s
1eac5033-dd7d-42de-97e5-3336b322382a,1f689b55-55b1-4553-b9a0-f2b4d3f74b9e,memory,145.0,1771100831.0,1771100976.0,,,,,,,NO_EEG_FOR_PARTICIPANT,NONE,
1f942500-b97c-4c36-bf8c-db76dabac319,b17134fc-8dcf-4a39-b251-3e8e95b21315,arithmetic,90.0,1776847002.0,1776847092.0,D:\Projects\Major-Project\Data\Emotive\BCI data\1\BCI data\New folder\aishu_EPOCX_587822_2026.04.22T14.06.03+05.30.md.bp.csv,1776846963.21,1776847557.013,593.8,38.79,128.79,MATCHED,HIGH,Coverage: 100.0% | Overlap: 90s
2096a6a1-cd23-4d61-8eac-3d1712001b64,50e80c06-aaf0-4193-90cb-eb43ae74b701,pattern,59.0,1776834396.0,1776834455.0,,,,,,,NO_EEG_FOR_PARTICIPANT,NONE,
20a033c6-4a02-4fd7-8da1-7b42889d9f8b,4b00bcd7-936b-42d2-99b5-c0b8b78272c9,comprehension,198.0,1776330393.0,1776330591.0,,,,,,,NO_EEG_FOR_PARTICIPANT,NONE,
20ac445a-ff0c-4a22-9093-31db0b5555e1,4b00bcd7-936b-42d2-99b5-c0b8b78272c9,attention,116.0,1776330649.0,1776330765.0,,,,,,,NO_EEG_FOR_PARTICIPANT,NONE,
218a7b28-e618-4d5c-b4b4-0af84be011bc,4b00bcd7-936b-42d2-99b5-c0b8b78272c9,attention,116.0,1776330648.0,1776330764.0,,,,,,,NO_EEG_FOR_PARTICIPANT,NONE,
220ef695-d487-45a1-984e-902c2e8917f3,b60e1ae3-b420-4c8c-b2f5-fe145674e306,arithmetic,54.0,1776230771.0,1776230825.0,D:\Projects\Major-Project\Data\Emotive\BCI data\3\BCI data\New folder\varun_EPOCX_775922_2026.04.15T10.54.24+05.30.md.bp.csv,1776230664.429,1776231417.099,752.67,106.571,160.571,MATCHED,HIGH,Coverage: 100.0% | Overlap: 54s
22121288-a8e9-48ca-974f-2d645ceeb7a7,bef21b19-9f14-46fd-983e-519cd076d499,comprehension,124.0,1776852469.0,1776852593.0,D:\Projects\Major-Project\Data\Emotive\BCI data\1\BCI data\New folder\Aamir_EPOCX_587822_2026.04.22T15.30.04+05.30.md.bp.csv,1776852004.614,1776852753.865,749.25,464.386,588.386,MATCHED,HIGH,Coverage: 100.0% | Overlap: 124s
23337499-3c33-4464-a197-0fa22b6a9da7,50e80c06-aaf0-4193-90cb-eb43ae74b701,arithmetic,68.0,1776834297.0,1776834365.0,,,,,,,NO_EEG_FOR_PARTICIPANT,NONE,
23d15dbd-e26e-4e21-8995-cf130737c772,ad1b69f4-c7df-4d3a-bc43-55840a73478f,pattern,80.0,1777459271.0,1777459351.0,D:\Projects\Major-Project\Data\Emotive\BCI data\2\BCI data\New folder\Rishab_EPOCX_587822_2026.04.29T16.05.52+05.30.md.bp.csv,1777458952.105,1777459834.221,882.12,318.895,398.895,MATCHED,HIGH,Coverage: 100.0% | Overlap: 80s
25062e63-20ec-4f9e-aa21-acec77242b95,6d998d08-a10e-4432-b8a1-84e619128b08,memory,100.0,1777260860.0,1777260960.0,D:\Projects\Major-Project\Data\Emotive\BCI data\2\BCI data\New folder\pradeep kumar_EPOCX_787408_2026.04.27T08.57.58+05.30.md.bp.csv,1777260478.238,1777261284.834,806.6,381.762,481.762,MATCHED,HIGH,Coverage: 100.0% | Overlap: 100s
28a4dbfc-27f4-4108-918c-f51f4d24baea,617c750a-6289-4403-8ead-1ee0ff4fcf88,memory,96.0,1776746935.0,1776747031.0,,,,,,,NO_EEG_FOR_PARTICIPANT,NONE,
28a8b7f3-9b08-4161-b662-d1c0564e2299,7aff8ec5-acae-493c-a6b3-9d61b98ba0b4,memory,93.0,1777545496.0,1777545589.0,D:\Projects\Major-Project\Data\Emotive\BCI data\2\BCI data\New folder\Kushal_EPOCX_587822_2026.04.30T15.59.49+05.30.md.bp.csv,1777544989.905,1777545935.988,946.08,506.095,599.095,MATCHED,HIGH,Coverage: 100.0% | Overlap: 93s
2914d339-a6c1-41a8-9036-9250a6a72e46,4cfb4306-1fd2-4cac-b1a4-e605da568d7e,arithmetic,195.0,1771581710.0,1771581905.0,,,,,,,UNMATCHED,NONE,No EEG file covers >10% of activity window (best=0.00)
2a75afe5-2d54-4579-883c-6a1951163109,b60e1ae3-b420-4c8c-b2f5-fe145674e306,pattern,57.0,1776230866.0,1776230923.0,D:\Projects\Major-Project\Data\Emotive\BCI data\3\BCI data\New folder\varun_EPOCX_775922_2026.04.15T10.54.24+05.30.md.bp.csv,1776230664.429,1776231417.099,752.67,201.571,258.571,MATCHED,HIGH,Coverage: 100.0% | Overlap: 57s
2be75ff7-b141-4b66-a430-107fcd56cb9c,9ba91b50-1617-4060-b1c1-bddeb2407671,attention,196.0,1771166904.0,1771167100.0,,,,,,,NO_EEG_FOR_PARTICIPANT,NONE,
2c0c2af0-53e1-495f-ae08-cbf7d5011cfc,077f1f73-3786-4d01-8c77-d40cf7f07ae1,arithmetic,111.0,1776751413.0,1776751524.0,D:\Projects\Major-Project\Data\Emotive\BCI data\1\BCI data\New folder\sankalp_EPOCX_781901_2026.04.21T11.32.13+05.30.md.bp.csv,1776751333.394,1776752015.93,682.54,79.606,190.606,MATCHED,HIGH,Coverage: 100.0% | Overlap: 111s
2c187428-6a73-4459-aab7-a990c4e399fa,1295d8c1-c3fa-424a-a3ac-86e227c3a8de,comprehension,50.0,1776424707.0,1776424757.0,D:\Projects\Major-Project\Data\Emotive\BCI data\1\BCI data\New folder\Suhas_EPOCX_587822_2026.04.17T16.42.03+05.30.md.bp.csv,1776424323.491,1776424898.992,575.5,383.509,433.509,MATCHED,HIGH,Coverage: 100.0% | Overlap: 50s
2d2259ce-8912-4f8c-8113-21c617579166,cbdba92c-9740-49a5-8627-91d15f9db8f9,arithmetic,118.0,1776064413.0,1776064531.0,,,,,,,NO_EEG_FOR_PARTICIPANT,NONE,
2e21fde0-349b-489f-84ee-cc8f4f849cdb,41e7ea84-ede5-4a76-8176-b877187f4b39,memory,104.0,1776582468.0,1776582572.0,D:\Projects\Major-Project\Data\Emotive\BCI data\1\BCI data\New folder\revanth reddy_EPOCX_780184_2026.04.19T12.33.43+05.30.md.bp.csv,1776582223.086,1776582891.758,668.67,244.914,348.914,MATCHED,HIGH,Coverage: 100.0% | Overlap: 104s
2fe7f038-e5e9-462b-8103-f01c619013ec,077f1f73-3786-4d01-8c77-d40cf7f07ae1,arithmetic,111.0,1776751415.0,1776751526.0,D:\Projects\Major-Project\Data\Emotive\BCI data\1\BCI data\New folder\sankalp_EPOCX_781901_2026.04.21T11.32.13+05.30.md.bp.csv,1776751333.394,1776752015.93,682.54,81.606,192.606,MATCHED,HIGH,Coverage: 100.0% | Overlap: 111s
3006e03f-98d4-400c-ac9d-33eaa322ffa9,e1f19955-0fdb-4bdd-9131-707c165021f0,arithmetic,78.0,1776760944.0,1776761022.0,,,,,,,NO_EEG_FOR_PARTICIPANT,NONE,
31f5b959-52f7-404b-9e91-6f7140bd2561,4b00bcd7-936b-42d2-99b5-c0b8b78272c9,attention,116.0,1776330629.0,1776330745.0,,,,,,,NO_EEG_FOR_PARTICIPANT,NONE,
3202a4ce-85ec-4e20-9b2c-5277587a75df,d103eb77-fd3d-4b89-83f1-4f34ec8d6123,pattern,56.0,1776415585.0,1776415641.0,,,,,,,NO_EEG_FOR_PARTICIPANT,NONE,
3430c539-5a63-41de-9f2e-8255901f169e,4b00bcd7-936b-42d2-99b5-c0b8b78272c9,attention,116.0,1776330640.0,1776330756.0,,,,,,,NO_EEG_FOR_PARTICIPANT,NONE,
34ca95cb-7949-45f6-8b92-d80e63a57b20,bef21b19-9f14-46fd-983e-519cd076d499,attention,97.0,1776852619.0,1776852716.0,D:\Projects\Major-Project\Data\Emotive\BCI data\1\BCI data\New folder\Aamir_EPOCX_587822_2026.04.22T15.30.04+05.30.md.bp.csv,1776852004.614,1776852753.865,749.25,614.386,711.386,MATCHED,HIGH,Coverage: 100.0% | Overlap: 97s
3577a717-df49-4fb9-84df-68bbb19f5c4e,4cfb4306-1fd2-4cac-b1a4-e605da568d7e,comprehension,244.0,1771582310.0,1771582554.0,,,,,,,UNMATCHED,NONE,No EEG file covers >10% of activity window (best=0.00)
359d8035-1c5d-480f-b160-2299347399de,1295d8c1-c3fa-424a-a3ac-86e227c3a8de,memory,93.0,1776424586.0,1776424679.0,D:\Projects\Major-Project\Data\Emotive\BCI data\1\BCI data\New folder\Suhas_EPOCX_587822_2026.04.17T16.42.03+05.30.md.bp.csv,1776424323.491,1776424898.992,575.5,262.509,355.509,MATCHED,HIGH,Coverage: 100.0% | Overlap: 93s
35d00595-630b-4cde-a58e-fffd53e4d134,d103eb77-fd3d-4b89-83f1-4f34ec8d6123,comprehension,136.0,1776418760.0,1776418896.0,,,,,,,NO_EEG_FOR_PARTICIPANT,NONE,
371b0cd7-5af1-49bc-b30f-311bb280c38a,15f6773b-607d-4409-a94f-78d24eac8e34,attention,90.0,1776332053.0,1776332143.0,,,,,,,NO_EEG_FOR_PARTICIPANT,NONE,
371b6729-196f-4b3e-9fd2-23684c7373d5,d129448b-a4c5-49ee-9795-d4463d27334a,pattern,77.0,1776408144.0,1776408221.0,D:\Projects\Major-Project\Data\Emotive\BCI data\1\BCI data\New folder\dhanush H U_EPOCX_778793_2026.04.17T12.08.25+05.30.md.bp.csv,1776407905.207,1776408619.322,714.11,238.793,315.793,MATCHED,HIGH,Coverage: 100.0% | Overlap: 77s
37201ffc-db1b-449b-a6f1-3aa023b3dd59,1295d8c1-c3fa-424a-a3ac-86e227c3a8de,pattern,47.0,1776424517.0,1776424564.0,D:\Projects\Major-Project\Data\Emotive\BCI data\1\BCI data\New folder\Suhas_EPOCX_587822_2026.04.17T16.42.03+05.30.md.bp.csv,1776424323.491,1776424898.992,575.5,193.509,240.509,MATCHED,HIGH,Coverage: 100.0% | Overlap: 47s
3770d229-419c-444a-8927-b45652808249,1d7969e9-9d81-4b61-b5a4-102cab269db4,comprehension,197.0,1776334856.0,1776335053.0,,,,,,,NO_EEG_FOR_PARTICIPANT,NONE,
37f549f6-b92e-49fe-ba4f-348825f54897,699dd060-e5d3-4dfb-bd49-1e58c9a7801d,comprehension,81.0,1776493043.0,1776493124.0,D:\Projects\Major-Project\Data\Emotive\BCI data\1\BCI data\New folder\nitish_EPOCX_779486_2026.04.18T11.41.15+05.30.md.bp.csv,1776492675.496,1776493282.419,606.92,367.504,448.504,MATCHED,HIGH,Coverage: 100.0% | Overlap: 81s
3c4ca53c-a28a-47f5-b4ac-1b24245a27e0,9ba91b50-1617-4060-b1c1-bddeb2407671,pattern,180.0,1771166088.0,1771166268.0,,,,,,,NO_EEG_FOR_PARTICIPANT,NONE,
3c700702-d937-40c1-ac50-503345228661,077f1f73-3786-4d01-8c77-d40cf7f07ae1,comprehension,120.0,1776751752.0,1776751872.0,D:\Projects\Major-Project\Data\Emotive\BCI data\1\BCI data\New folder\sankalp_EPOCX_781901_2026.04.21T11.32.13+05.30.md.bp.csv,1776751333.394,1776752015.93,682.54,418.606,538.606,MATCHED,HIGH,Coverage: 100.0% | Overlap: 120s
3cedf4bc-5454-4b79-947b-e3c08689d87a,daa69244-ed2c-41a5-883b-3352a4c9284b,pattern,55.0,1776425760.0,1776425815.0,D:\Projects\Major-Project\Data\Emotive\BCI data\1\BCI data\New folder\Venkat_EPOCX_587822_2026.04.17T17.02.16+05.30.md.bp.csv,1776425536.835,1776426212.861,676.03,223.165,278.165,MATCHED,HIGH,Coverage: 100.0% | Overlap: 55s
3ea8ce59-a737-4669-b3e0-107c040b36ce,1a3a8d1d-950a-441c-a128-58d9d18de7bc,arithmetic,53.0,1776917256.0,1776917309.0,,,,,,,NO_EEG_FOR_PARTICIPANT,NONE,
3f4c0e06-b2e1-4e94-a2c0-47fdc9d5d45c,d103eb77-fd3d-4b89-83f1-4f34ec8d6123,attention,101.0,1776415997.0,1776416098.0,,,,,,,NO_EEG_FOR_PARTICIPANT,NONE,
3f9ae9d6-da10-42a8-83b9-0407c0cc0cb0,4cfb4306-1fd2-4cac-b1a4-e605da568d7e,memory,190.0,1771582099.0,1771582289.0,,,,,,,UNMATCHED,NONE,No EEG file covers >10% of activity window (best=0.00)
402f175d-135e-4e67-9c0d-ed210d86a523,cbdba92c-9740-49a5-8627-91d15f9db8f9,attention,108.0,1776065030.0,1776065138.0,,,,,,,NO_EEG_FOR_PARTICIPANT,NONE,
404ede79-9400-470f-80ec-2776b1c1cfea,fed10af2-13dd-4f5a-9910-0c156c024547,attention,91.0,1776941384.0,1776941475.0,D:\Projects\Major-Project\Data\Emotive\BCI data\1\BCI data\New folder\shaina_EPOCX_587822_2026.04.23T16.11.13+05.30.md.bp.csv,1776940873.616,1776941499.31,625.69,510.384,601.384,MATCHED,HIGH,Coverage: 100.0% | Overlap: 91s
40fa09f9-d11e-4668-9513-b6831d3033cc,15f6773b-607d-4409-a94f-78d24eac8e34,arithmetic,67.0,1776331500.0,1776331567.0,,,,,,,NO_EEG_FOR_PARTICIPANT,NONE,
4116d559-c89c-4700-a8e6-e0b2b0810165,50e80c06-aaf0-4193-90cb-eb43ae74b701,memory,97.0,1776834483.0,1776834580.0,,,,,,,NO_EEG_FOR_PARTICIPANT,NONE,
41caa39c-412f-405b-9bd5-602e1ca2557a,d103eb77-fd3d-4b89-83f1-4f34ec8d6123,arithmetic,81.0,1776415481.0,1776415562.0,,,,,,,NO_EEG_FOR_PARTICIPANT,NONE,
4663d7b6-ac89-4877-96d0-00fa9c6b45f6,182b236c-a543-4d7f-b121-473dc33918f2,attention,94.0,1777372594.0,1777372688.0,D:\Projects\Major-Project\Data\Emotive\BCI data\1\BCI data\New folder\Maanya_EPOCX_587822_2026.04.28T15.55.16+05.30.md.bp.csv,1777371916.511,1777372719.607,803.1,677.489,771.489,MATCHED,HIGH,Coverage: 100.0% | Overlap: 94s
474cb586-d436-494b-b176-7a53b13a541c,182b236c-a543-4d7f-b121-473dc33918f2,pattern,82.0,1777372248.0,1777372330.0,D:\Projects\Major-Project\Data\Emotive\BCI data\1\BCI data\New folder\Maanya_EPOCX_587822_2026.04.28T15.55.16+05.30.md.bp.csv,1777371916.511,1777372719.607,803.1,331.489,413.489,MATCHED,HIGH,Coverage: 100.0% | Overlap: 82s
48a34fe8-8df7-4db3-949e-412c517440fc,1295d8c1-c3fa-424a-a3ac-86e227c3a8de,attention,88.0,1776424779.0,1776424867.0,D:\Projects\Major-Project\Data\Emotive\BCI data\1\BCI data\New folder\Suhas_EPOCX_587822_2026.04.17T16.42.03+05.30.md.bp.csv,1776424323.491,1776424898.992,575.5,455.509,543.509,MATCHED,HIGH,Coverage: 100.0% | Overlap: 88s
4a15235c-2d35-4dce-8962-0a8b23c2f134,1a3a8d1d-950a-441c-a128-58d9d18de7bc,memory,84.0,1776917390.0,1776917474.0,,,,,,,NO_EEG_FOR_PARTICIPANT,NONE,
4e7586e9-9a6a-49b2-8088-fb394e670d99,4b00bcd7-936b-42d2-99b5-c0b8b78272c9,attention,116.0,1776330629.0,1776330745.0,,,,,,,NO_EEG_FOR_PARTICIPANT,NONE,
4ec4f191-34ce-4dfa-8e81-d23ddf116bf1,3cebc90b-7bb9-4438-bb6d-00b1b897bdf9,pattern,52.0,1777544079.0,1777544131.0,,,,,,,NO_EEG_FOR_PARTICIPANT,NONE,
5068bd2a-99c9-4cda-bb01-618195372608,6d998d08-a10e-4432-b8a1-84e619128b08,pattern,71.0,1777260752.0,1777260823.0,D:\Projects\Major-Project\Data\Emotive\BCI data\2\BCI data\New folder\pradeep kumar_EPOCX_787408_2026.04.27T08.57.58+05.30.md.bp.csv,1777260478.238,1777261284.834,806.6,273.762,344.762,MATCHED,HIGH,Coverage: 100.0% | Overlap: 71s
506e41c3-d7e2-4fe7-8df8-263060455616,38486085-f824-4b7b-82b0-ebfd7c8629e4,pattern,83.0,1776768314.0,1776768397.0,D:\Projects\Major-Project\Data\Emotive\BCI data\1\BCI data\New folder\akhilesh_EPOCX_781974_2026.04.21T16.11.03+05.30.md.bp.csv,1776768063.085,1776768795.283,732.2,250.915,333.915,MATCHED,HIGH,Coverage: 100.0% | Overlap: 83s
50e02c4c-72cc-48c2-af96-d42ff1547e01,a9fa0a9e-4c99-49b4-b75f-ba925babb6f9,arithmetic,85.0,1776228329.0,1776228414.0,D:\Projects\Major-Project\Data\Emotive\BCI data\2\BCI data\New folder\girish_EPOCX_775856_2026.04.15T10.14.18+05.30.md.bp.csv,1776228258.504,1776228949.691,691.19,70.496,155.496,MATCHED,HIGH,Coverage: 100.0% | Overlap: 85s
513dba5d-cdc1-47c9-8f9e-78c6921b8e92,bef21b19-9f14-46fd-983e-519cd076d499,memory,103.0,1776852343.0,1776852446.0,D:\Projects\Major-Project\Data\Emotive\BCI data\1\BCI data\New folder\Aamir_EPOCX_587822_2026.04.22T15.30.04+05.30.md.bp.csv,1776852004.614,1776852753.865,749.25,338.386,441.386,MATCHED,HIGH,Coverage: 100.0% | Overlap: 103s
5280ef09-be2c-46b6-92c4-8aa010f2fbef,4b00bcd7-936b-42d2-99b5-c0b8b78272c9,attention,116.0,1776330646.0,1776330762.0,,,,,,,NO_EEG_FOR_PARTICIPANT,NONE,
5399690c-94f0-4dc5-a570-ac0ea7133f9c,8c27a478-52f0-442d-a434-fe798e047585,arithmetic,96.0,1776939708.0,1776939804.0,D:\Projects\Major-Project\Data\Emotive\BCI data\1\BCI data\New folder\yash raj_EPOCX_784305_2026.04.23T15.49.16+05.30.md.bp.csv,1776939556.672,1776940277.407,720.74,151.328,247.328,MATCHED,HIGH,Coverage: 100.0% | Overlap: 96s
5471fd5e-a627-4825-bdc6-dd697f42def3,9c588e1c-b67d-4964-9795-ff4e62e1f292,attention,85.0,1776581799.0,1776581884.0,D:\Projects\Major-Project\Data\Emotive\BCI data\1\BCI data\New folder\bunny_EPOCX_780182_2026.04.19T12.19.03+05.30.md.bp.csv,1776581343.406,1776581912.785,569.38,455.594,540.594,MATCHED,HIGH,Coverage: 100.0% | Overlap: 85s
549480bb-7d99-48b8-8da6-c224c49ffa6a,9c588e1c-b67d-4964-9795-ff4e62e1f292,memory,85.0,1776581575.0,1776581660.0,D:\Projects\Major-Project\Data\Emotive\BCI data\1\BCI data\New folder\bunny_EPOCX_780182_2026.04.19T12.19.03+05.30.md.bp.csv,1776581343.406,1776581912.785,569.38,231.594,316.594,MATCHED,HIGH,Coverage: 100.0% | Overlap: 85s
554d2f8b-a0ee-49b4-bbc1-3f21d8b33ed2,d103eb77-fd3d-4b89-83f1-4f34ec8d6123,comprehension,187.0,1776415789.0,1776415976.0,,,,,,,NO_EEG_FOR_PARTICIPANT,NONE,
55cc481f-e770-48ae-ae17-0e3f3301b0f4,4b00bcd7-936b-42d2-99b5-c0b8b78272c9,attention,116.0,1776330641.0,1776330757.0,,,,,,,NO_EEG_FOR_PARTICIPANT,NONE,
57d7cc08-71d2-45b8-a319-f174d9de5a49,bef21b19-9f14-46fd-983e-519cd076d499,arithmetic,78.0,1776852111.0,1776852189.0,D:\Projects\Major-Project\Data\Emotive\BCI data\1\BCI data\New folder\Aamir_EPOCX_587822_2026.04.22T15.30.04+05.30.md.bp.csv,1776852004.614,1776852753.865,749.25,106.386,184.386,MATCHED,HIGH,Coverage: 100.0% | Overlap: 78s
59728692-b1d4-41de-9996-128ebcc30d9c,6f2c1a12-a0ec-4367-92f6-b0403cc5b56c,attention,93.0,1776583812.0,1776583905.0,D:\Projects\Major-Project\Data\Emotive\BCI data\1\BCI data\New folder\tharun karun_EPOCX_780185_2026.04.19T12.49.57+05.30.md.bp.csv,1776583197.124,1776583931.852,734.73,614.876,707.876,MATCHED,HIGH,Coverage: 100.0% | Overlap: 93s
59b71ec1-9864-40c6-9c43-fb7ec3896999,4b00bcd7-936b-42d2-99b5-c0b8b78272c9,attention,116.0,1776330629.0,1776330745.0,,,,,,,NO_EEG_FOR_PARTICIPANT,NONE,
5a048983-f692-4aa3-808f-ccbc5b0f1721,8c27a478-52f0-442d-a434-fe798e047585,memory,83.0,1776939900.0,1776939983.0,D:\Projects\Major-Project\Data\Emotive\BCI data\1\BCI data\New folder\yash raj_EPOCX_784305_2026.04.23T15.49.16+05.30.md.bp.csv,1776939556.672,1776940277.407,720.74,343.328,426.328,MATCHED,HIGH,Coverage: 100.0% | Overlap: 83s
5a1de22d-6913-4e82-83d6-393acd767ce9,d103eb77-fd3d-4b89-83f1-4f34ec8d6123,memory,99.0,1776415665.0,1776415764.0,,,,,,,NO_EEG_FOR_PARTICIPANT,NONE,
5a5c5d08-eb91-4cf2-a356-825aff650aa7,69c167cf-2224-4a55-adef-a54aa83f75c5,arithmetic,91.0,1776919307.0,1776919398.0,D:\Projects\Major-Project\Data\Emotive\BCI data\1\BCI data\New folder\niranjan k_EPOCX_784239_2026.04.23T10.09.05+05.30.md.bp.csv,1776919145.089,1776919921.481,776.39,161.911,252.911,MATCHED,HIGH,Coverage: 100.0% | Overlap: 91s
5b7d76ff-6f51-48d6-a010-4fa6709afa51,6d998d08-a10e-4432-b8a1-84e619128b08,arithmetic,69.0,1777260640.0,1777260709.0,D:\Projects\Major-Project\Data\Emotive\BCI data\2\BCI data\New folder\pradeep kumar_EPOCX_787408_2026.04.27T08.57.58+05.30.md.bp.csv,1777260478.238,1777261284.834,806.6,161.762,230.762,MATCHED,HIGH,Coverage: 100.0% | Overlap: 69s
5c2dcb40-0601-4865-868c-505d6783be96,e1f19955-0fdb-4bdd-9131-707c165021f0,pattern,81.0,1776761054.0,1776761135.0,,,,,,,NO_EEG_FOR_PARTICIPANT,NONE,
5c6a24d5-b160-46d4-b9f4-3d5dcf2e3986,a32edb5b-8092-4f01-add0-35bbaf8e88b3,comprehension,71.0,1777006272.0,1777006343.0,,,,,,,NO_EEG_FOR_PARTICIPANT,NONE,
5d3e3c2c-e16d-4769-9f06-7e31739e1a9a,4b00bcd7-936b-42d2-99b5-c0b8b78272c9,attention,116.0,1776330641.0,1776330757.0,,,,,,,NO_EEG_FOR_PARTICIPANT,NONE,
5d71daed-41b1-44dd-90a4-e8d318bf3949,ad1b69f4-c7df-4d3a-bc43-55840a73478f,arithmetic,80.0,1777459162.0,1777459242.0,D:\Projects\Major-Project\Data\Emotive\BCI data\2\BCI data\New folder\Rishab_EPOCX_587822_2026.04.29T16.05.52+05.30.md.bp.csv,1777458952.105,1777459834.221,882.12,209.895,289.895,MATCHED,HIGH,Coverage: 100.0% | Overlap: 80s
606bf71d-e5ca-4bdc-b683-3857cdb7ee52,fed10af2-13dd-4f5a-9910-0c156c024547,comprehension,64.0,1776941299.0,1776941363.0,D:\Projects\Major-Project\Data\Emotive\BCI data\1\BCI data\New folder\shaina_EPOCX_587822_2026.04.23T16.11.13+05.30.md.bp.csv,1776940873.616,1776941499.31,625.69,425.384,489.384,MATCHED,HIGH,Coverage: 100.0% | Overlap: 64s
60cb71ec-efcb-4593-bdb3-d193135028c2,4b00bcd7-936b-42d2-99b5-c0b8b78272c9,comprehension,198.0,1776330392.0,1776330590.0,,,,,,,NO_EEG_FOR_PARTICIPANT,NONE,
616e090a-8ae0-441f-8fae-2d0a32725308,4cfb4306-1fd2-4cac-b1a4-e605da568d7e,attention,173.0,1771582581.0,1771582754.0,,,,,,,UNMATCHED,NONE,No EEG file covers >10% of activity window (best=0.00)
6233449f-7e85-4ac4-afca-2ba4f0d229d7,d129448b-a4c5-49ee-9795-d4463d27334a,arithmetic,85.0,1776408034.0,1776408119.0,D:\Projects\Major-Project\Data\Emotive\BCI data\1\BCI data\New folder\dhanush H U_EPOCX_778793_2026.04.17T12.08.25+05.30.md.bp.csv,1776407905.207,1776408619.322,714.11,128.793,213.793,MATCHED,HIGH,Coverage: 100.0% | Overlap: 85s
634ae0b8-90ee-4b44-a160-8172704d3eae,d103eb77-fd3d-4b89-83f1-4f34ec8d6123,memory,97.0,1776418637.0,1776418734.0,,,,,,,NO_EEG_FOR_PARTICIPANT,NONE,
63dccf0a-a064-49ff-aa9f-75d0cbe164bb,d103eb77-fd3d-4b89-83f1-4f34ec8d6123,attention,102.0,1776418922.0,1776419024.0,,,,,,,NO_EEG_FOR_PARTICIPANT,NONE,
646dd13c-8baa-422e-8b67-ebbb4f72c5d5,41e7ea84-ede5-4a76-8176-b877187f4b39,pattern,56.0,1776582377.0,1776582433.0,D:\Projects\Major-Project\Data\Emotive\BCI data\1\BCI data\New folder\revanth reddy_EPOCX_780184_2026.04.19T12.33.43+05.30.md.bp.csv,1776582223.086,1776582891.758,668.67,153.914,209.914,MATCHED,HIGH,Coverage: 100.0% | Overlap: 56s
65d57c7d-fb47-4c7f-8401-3fb5581a5695,b17134fc-8dcf-4a39-b251-3e8e95b21315,attention,92.0,1776847432.0,1776847524.0,D:\Projects\Major-Project\Data\Emotive\BCI data\1\BCI data\New folder\aishu_EPOCX_587822_2026.04.22T14.06.03+05.30.md.bp.csv,1776846963.21,1776847557.013,593.8,468.79,560.79,MATCHED,HIGH,Coverage: 100.0% | Overlap: 92s
662cada2-8022-4075-9180-434a3f1ab33e,a32edb5b-8092-4f01-add0-35bbaf8e88b3,pattern,61.0,1777006076.0,1777006137.0,,,,,,,NO_EEG_FOR_PARTICIPANT,NONE,
66f644d4-2b35-4fb9-b423-bdaab0eeaf14,9ba91b50-1617-4060-b1c1-bddeb2407671,arithmetic,194.0,1771165843.0,1771166037.0,,,,,,,NO_EEG_FOR_PARTICIPANT,NONE,
66fb6d1d-95f3-46ec-96b5-92184d17b832,1d7969e9-9d81-4b61-b5a4-102cab269db4,arithmetic,140.0,1776334455.0,1776334595.0,,,,,,,NO_EEG_FOR_PARTICIPANT,NONE,
67097754-7ade-40be-9aa5-ec6b9c08caa4,38486085-f824-4b7b-82b0-ebfd7c8629e4,memory,94.0,1776768426.0,1776768520.0,D:\Projects\Major-Project\Data\Emotive\BCI data\1\BCI data\New folder\akhilesh_EPOCX_781974_2026.04.21T16.11.03+05.30.md.bp.csv,1776768063.085,1776768795.283,732.2,362.915,456.915,MATCHED,HIGH,Coverage: 100.0% | Overlap: 94s
6713ad2e-b8cf-40ec-b600-4a6015253fb5,4b00bcd7-936b-42d2-99b5-c0b8b78272c9,attention,116.0,1776330646.0,1776330762.0,,,,,,,NO_EEG_FOR_PARTICIPANT,NONE,
67776204-5766-4893-a744-a15d0c2c0385,4b00bcd7-936b-42d2-99b5-c0b8b78272c9,attention,116.0,1776330637.0,1776330753.0,,,,,,,NO_EEG_FOR_PARTICIPANT,NONE,
67c03398-8c80-40e2-9247-a44e87d71b42,4b00bcd7-936b-42d2-99b5-c0b8b78272c9,comprehension,198.0,1776330391.0,1776330589.0,,,,,,,NO_EEG_FOR_PARTICIPANT,NONE,
68061eba-4f4c-4250-a384-d908f9a76142,c33adeeb-6609-4bd1-8fbc-9b3562dea1d0,comprehension,101.0,1776937363.0,1776937464.0,D:\Projects\Major-Project\Data\Emotive\BCI data\1\BCI data\New folder\Pragati_EPOCX_587822_2026.04.23T15.08.03+05.30.md.bp.csv,1776937083.693,1776938020.141,936.45,279.307,380.307,MATCHED,HIGH,Coverage: 100.0% | Overlap: 101s
6b00dc66-f1a5-442a-aebc-d62cb8e49492,3cebc90b-7bb9-4438-bb6d-00b1b897bdf9,memory,85.0,1777544155.0,1777544240.0,,,,,,,NO_EEG_FOR_PARTICIPANT,NONE,
6b1fe444-8fe6-4e94-b715-8fd005e493f2,daa69244-ed2c-41a5-883b-3352a4c9284b,memory,84.0,1776425839.0,1776425923.0,D:\Projects\Major-Project\Data\Emotive\BCI data\1\BCI data\New folder\Venkat_EPOCX_587822_2026.04.17T17.02.16+05.30.md.bp.csv,1776425536.835,1776426212.861,676.03,302.165,386.165,MATCHED,HIGH,Coverage: 100.0% | Overlap: 84s
6bdc9ea1-0d5b-40a1-9e02-7327f4d2467b,6f2c1a12-a0ec-4367-92f6-b0403cc5b56c,arithmetic,74.0,1776583273.0,1776583347.0,D:\Projects\Major-Project\Data\Emotive\BCI data\1\BCI data\New folder\tharun karun_EPOCX_780185_2026.04.19T12.49.57+05.30.md.bp.csv,1776583197.124,1776583931.852,734.73,75.876,149.876,MATCHED,HIGH,Coverage: 100.0% | Overlap: 74s
6c39c424-1496-4652-889f-e9fde54a1286,a9fa0a9e-4c99-49b4-b75f-ba925babb6f9,comprehension,163.0,1776228647.0,1776228810.0,D:\Projects\Major-Project\Data\Emotive\BCI data\2\BCI data\New folder\girish_EPOCX_775856_2026.04.15T10.14.18+05.30.md.bp.csv,1776228258.504,1776228949.691,691.19,388.496,551.496,MATCHED,HIGH,Coverage: 100.0% | Overlap: 163s
6d4e1dc0-2303-43b0-ac3d-8a2aa7ab16a0,7aff8ec5-acae-493c-a6b3-9d61b98ba0b4,attention,101.0,1777545766.0,1777545867.0,D:\Projects\Major-Project\Data\Emotive\BCI data\2\BCI data\New folder\Kushal_EPOCX_587822_2026.04.30T15.59.49+05.30.md.bp.csv,1777544989.905,1777545935.988,946.08,776.095,877.095,MATCHED,HIGH,Coverage: 100.0% | Overlap: 101s
6dc40edf-a933-472f-bb99-9e51973a7fe0,50d2e6aa-24c6-4d68-8bb3-f3b2f03f9b50,pattern,67.0,1776325404.0,1776325471.0,D:\Projects\Major-Project\Data\Emotive\BCI data\2\BCI data\New folder\yashas_EPOCX_777506_2026.04.16T13.09.52+05.30.md.bp.csv,1776325192.428,1776326113.305,920.88,211.572,278.572,MATCHED,HIGH,Coverage: 100.0% | Overlap: 67s
6dc9bd41-40ff-403e-ab4c-357c39371d6c,489aeec3-5823-4e43-9ca6-e34ae73136ad,comprehension,170.0,1776580554.0,1776580724.0,D:\Projects\Major-Project\Data\Emotive\BCI data\1\BCI data\New folder\yashwanth_EPOCX_780183_2026.04.19T11.59.18+05.30.md.bp.csv,1776580158.075,1776580892.711,734.64,395.925,565.925,MATCHED,HIGH,Coverage: 100.0% | Overlap: 170s
6ed5cc42-ec96-4ee2-8dae-5442e47f2154,15f6773b-607d-4409-a94f-78d24eac8e34,arithmetic,67.0,1776331497.0,1776331564.0,,,,,,,NO_EEG_FOR_PARTICIPANT,NONE,
709f15c4-9859-4222-a0ae-b2759c93cb49,4b00bcd7-936b-42d2-99b5-c0b8b78272c9,attention,116.0,1776330637.0,1776330753.0,,,,,,,NO_EEG_FOR_PARTICIPANT,NONE,
70a6bab4-c9b9-4c2a-bfeb-a7da151a2ac0,182b236c-a543-4d7f-b121-473dc33918f2,comprehension,97.0,1777372471.0,1777372568.0,D:\Projects\Major-Project\Data\Emotive\BCI data\1\BCI data\New folder\Maanya_EPOCX_587822_2026.04.28T15.55.16+05.30.md.bp.csv,1777371916.511,1777372719.607,803.1,554.489,651.489,MATCHED,HIGH,Coverage: 100.0% | Overlap: 97s
725bf01b-d660-42a4-a201-44dd8e2b8a93,4b00bcd7-936b-42d2-99b5-c0b8b78272c9,attention,116.0,1776330638.0,1776330754.0,,,,,,,NO_EEG_FOR_PARTICIPANT,NONE,
729930ca-6de6-4759-b57b-3f476b0360a5,4885d4b0-45a4-4809-93f1-b004dd932716,arithmetic,76.0,1776323917.0,1776323993.0,D:\Projects\Major-Project\Data\Emotive\BCI data\1\BCI data\New folder\Uma H M_EPOCX_777408_2026.04.16T12.45.59+05.30.md.bp.csv,1776323759.202,1776324452.827,693.62,157.798,233.798,MATCHED,HIGH,Coverage: 100.0% | Overlap: 76s
73daa1ce-6bb9-4892-a228-1f928a4c38d3,41e7ea84-ede5-4a76-8176-b877187f4b39,arithmetic,43.0,1776582299.0,1776582342.0,D:\Projects\Major-Project\Data\Emotive\BCI data\1\BCI data\New folder\revanth reddy_EPOCX_780184_2026.04.19T12.33.43+05.30.md.bp.csv,1776582223.086,1776582891.758,668.67,75.914,118.914,MATCHED,HIGH,Coverage: 100.0% | Overlap: 43s
745a46b1-8573-44a9-9116-1a344d294d1f,4b00bcd7-936b-42d2-99b5-c0b8b78272c9,attention,116.0,1776330640.0,1776330756.0,,,,,,,NO_EEG_FOR_PARTICIPANT,NONE,
75bd3c97-84f9-4b91-8780-b52a34a77da2,1d7969e9-9d81-4b61-b5a4-102cab269db4,memory,91.0,1776334739.0,1776334830.0,,,,,,,NO_EEG_FOR_PARTICIPANT,NONE,
761536e4-ea4c-4aac-af18-5135ca0dc461,b17134fc-8dcf-4a39-b251-3e8e95b21315,comprehension,91.0,1776847315.0,1776847406.0,D:\Projects\Major-Project\Data\Emotive\BCI data\1\BCI data\New folder\aishu_EPOCX_587822_2026.04.22T14.06.03+05.30.md.bp.csv,1776846963.21,1776847557.013,593.8,351.79,442.79,MATCHED,HIGH,Coverage: 100.0% | Overlap: 91s
76ccc015-f403-478e-8aad-2dd76e2f2451,38486085-f824-4b7b-82b0-ebfd7c8629e4,comprehension,69.0,1776768553.0,1776768622.0,D:\Projects\Major-Project\Data\Emotive\BCI data\1\BCI data\New folder\akhilesh_EPOCX_781974_2026.04.21T16.11.03+05.30.md.bp.csv,1776768063.085,1776768795.283,732.2,489.915,558.915,MATCHED,HIGH,Coverage: 100.0% | Overlap: 69s
774cf6b4-6498-424a-8c12-9c08e3d09ca6,50d2e6aa-24c6-4d68-8bb3-f3b2f03f9b50,attention,107.0,1776325934.0,1776326041.0,D:\Projects\Major-Project\Data\Emotive\BCI data\2\BCI data\New folder\yashas_EPOCX_777506_2026.04.16T13.09.52+05.30.md.bp.csv,1776325192.428,1776326113.305,920.88,741.572,848.572,MATCHED,HIGH,Coverage: 100.0% | Overlap: 107s
79869f7a-246d-40f3-ac2e-d7c2aa7fa9b8,077f1f73-3786-4d01-8c77-d40cf7f07ae1,memory,80.0,1776751648.0,1776751728.0,D:\Projects\Major-Project\Data\Emotive\BCI data\1\BCI data\New folder\sankalp_EPOCX_781901_2026.04.21T11.32.13+05.30.md.bp.csv,1776751333.394,1776752015.93,682.54,314.606,394.606,MATCHED,HIGH,Coverage: 100.0% | Overlap: 80s
79e589f6-3d82-447f-bdd5-c37af4c4a824,cbdba92c-9740-49a5-8627-91d15f9db8f9,comprehension,194.0,1776064806.0,1776065000.0,,,,,,,NO_EEG_FOR_PARTICIPANT,NONE,
7aeab8ae-dd46-45c4-b652-ee2ad7779acc,b60e1ae3-b420-4c8c-b2f5-fe145674e306,comprehension,183.0,1776231090.0,1776231273.0,D:\Projects\Major-Project\Data\Emotive\BCI data\3\BCI data\New folder\varun_EPOCX_775922_2026.04.15T10.54.24+05.30.md.bp.csv,1776230664.429,1776231417.099,752.67,425.571,608.571,MATCHED,HIGH,Coverage: 100.0% | Overlap: 183s
7b7e2d4d-5c22-4c94-8e83-69abd22a650e,15f6773b-607d-4409-a94f-78d24eac8e34,memory,94.0,1776331703.0,1776331797.0,,,,,,,NO_EEG_FOR_PARTICIPANT,NONE,
7bb1f07c-0d7f-47f0-9d7e-26fb4aea80a9,41e7ea84-ede5-4a76-8176-b877187f4b39,comprehension,111.0,1776582614.0,1776582725.0,D:\Projects\Major-Project\Data\Emotive\BCI data\1\BCI data\New folder\revanth reddy_EPOCX_780184_2026.04.19T12.33.43+05.30.md.bp.csv,1776582223.086,1776582891.758,668.67,390.914,501.914,MATCHED,HIGH,Coverage: 100.0% | Overlap: 111s
829c8699-ea6e-47ad-a1e5-1c2716c41576,4b00bcd7-936b-42d2-99b5-c0b8b78272c9,attention,116.0,1776330638.0,1776330754.0,,,,,,,NO_EEG_FOR_PARTICIPANT,NONE,
835cf2c8-e6ab-4840-982b-fda5b869547f,a9fa0a9e-4c99-49b4-b75f-ba925babb6f9,pattern,51.0,1776228449.0,1776228500.0,D:\Projects\Major-Project\Data\Emotive\BCI data\2\BCI data\New folder\girish_EPOCX_775856_2026.04.15T10.14.18+05.30.md.bp.csv,1776228258.504,1776228949.691,691.19,190.496,241.496,MATCHED,HIGH,Coverage: 100.0% | Overlap: 51s
841853e5-8ed3-4aa3-9c01-f6418d04ba0f,489aeec3-5823-4e43-9ca6-e34ae73136ad,arithmetic,57.0,1776580241.0,1776580298.0,D:\Projects\Major-Project\Data\Emotive\BCI data\1\BCI data\New folder\yashwanth_EPOCX_780183_2026.04.19T11.59.18+05.30.md.bp.csv,1776580158.075,1776580892.711,734.64,82.925,139.925,MATCHED,HIGH,Coverage: 100.0% | Overlap: 57s
86282a9e-8bec-468f-b228-76dc1e8af636,daa69244-ed2c-41a5-883b-3352a4c9284b,comprehension,97.0,1776425950.0,1776426047.0,D:\Projects\Major-Project\Data\Emotive\BCI data\1\BCI data\New folder\Venkat_EPOCX_587822_2026.04.17T17.02.16+05.30.md.bp.csv,1776425536.835,1776426212.861,676.03,413.165,510.165,MATCHED,HIGH,Coverage: 100.0% | Overlap: 97s
881e5a8a-e53a-42bf-916a-82119e5ca01b,caa4b854-4eea-4177-a19c-2d0f4929874e,pattern,67.0,1776332761.0,1776332828.0,,,,,,,UNMATCHED,NONE,No EEG file covers >10% of activity window (best=0.00)
8836d56e-a3dc-42e5-9a64-d9a6f433ea40,50d2e6aa-24c6-4d68-8bb3-f3b2f03f9b50,memory,129.0,1776325503.0,1776325632.0,D:\Projects\Major-Project\Data\Emotive\BCI data\2\BCI data\New folder\yashas_EPOCX_777506_2026.04.16T13.09.52+05.30.md.bp.csv,1776325192.428,1776326113.305,920.88,310.572,439.572,MATCHED,HIGH,Coverage: 100.0% | Overlap: 129s
89602905-8ef4-4dfd-9054-a5aaa4294586,489aeec3-5823-4e43-9ca6-e34ae73136ad,attention,98.0,1776580758.0,1776580856.0,D:\Projects\Major-Project\Data\Emotive\BCI data\1\BCI data\New folder\yashwanth_EPOCX_780183_2026.04.19T11.59.18+05.30.md.bp.csv,1776580158.075,1776580892.711,734.64,599.925,697.925,MATCHED,HIGH,Coverage: 100.0% | Overlap: 98s
8a601f6c-0bbd-4b37-a868-db50c3c896f0,4b00bcd7-936b-42d2-99b5-c0b8b78272c9,attention,116.0,1776330641.0,1776330757.0,,,,,,,NO_EEG_FOR_PARTICIPANT,NONE,
8a784138-936e-4c2e-9474-971f2066d542,ad1b69f4-c7df-4d3a-bc43-55840a73478f,comprehension,151.0,1777459499.0,1777459650.0,D:\Projects\Major-Project\Data\Emotive\BCI data\2\BCI data\New folder\Rishab_EPOCX_587822_2026.04.29T16.05.52+05.30.md.bp.csv,1777458952.105,1777459834.221,882.12,546.895,697.895,MATCHED,HIGH,Coverage: 100.0% | Overlap: 151s
8b2f108d-5f8b-4297-bcf0-3cf0040a1885,038c88b9-98c6-4009-810c-b905483f4baf,arithmetic,68.0,1776850602.0,1776850670.0,,,,,,,NO_EEG_FOR_PARTICIPANT,NONE,
8cd6bf72-ef62-4304-9bb7-700132af267b,15f6773b-607d-4409-a94f-78d24eac8e34,pattern,71.0,1776331604.0,1776331675.0,,,,,,,NO_EEG_FOR_PARTICIPANT,NONE,
8efaf612-566c-40e1-a937-cd6e8ef97e42,caa4b854-4eea-4177-a19c-2d0f4929874e,memory,91.0,1776332859.0,1776332950.0,,,,,,,UNMATCHED,NONE,No EEG file covers >10% of activity window (best=0.00)
8f6065e7-2f9a-4114-9125-a82cdd57e406,6d998d08-a10e-4432-b8a1-84e619128b08,attention,101.0,1777261141.0,1777261242.0,D:\Projects\Major-Project\Data\Emotive\BCI data\2\BCI data\New folder\pradeep kumar_EPOCX_787408_2026.04.27T08.57.58+05.30.md.bp.csv,1777260478.238,1777261284.834,806.6,662.762,763.762,MATCHED,HIGH,Coverage: 100.0% | Overlap: 101s
92b3dcc4-efd9-40bb-85c4-cb7456940ff2,699dd060-e5d3-4dfb-bd49-1e58c9a7801d,attention,98.0,1776493156.0,1776493254.0,D:\Projects\Major-Project\Data\Emotive\BCI data\1\BCI data\New folder\nitish_EPOCX_779486_2026.04.18T11.41.15+05.30.md.bp.csv,1776492675.496,1776493282.419,606.92,480.504,578.504,MATCHED,HIGH,Coverage: 100.0% | Overlap: 98s
93fd8d7b-5281-4fc9-8c4e-71bb2cebbc54,d129448b-a4c5-49ee-9795-d4463d27334a,comprehension,111.0,1776408358.0,1776408469.0,D:\Projects\Major-Project\Data\Emotive\BCI data\1\BCI data\New folder\dhanush H U_EPOCX_778793_2026.04.17T12.08.25+05.30.md.bp.csv,1776407905.207,1776408619.322,714.11,452.793,563.793,MATCHED,HIGH,Coverage: 100.0% | Overlap: 111s
9696b2f0-b66f-4e33-9c8c-193cfb1c33ea,15f6773b-607d-4409-a94f-78d24eac8e34,arithmetic,67.0,1776331502.0,1776331569.0,,,,,,,NO_EEG_FOR_PARTICIPANT,NONE,
969cb08a-288a-46f6-a185-ab7623c35654,15f6773b-607d-4409-a94f-78d24eac8e34,comprehension,182.0,1776331837.0,1776332019.0,,,,,,,NO_EEG_FOR_PARTICIPANT,NONE,
9745f830-ced7-44b6-b406-d734b8b3b448,15f6773b-607d-4409-a94f-78d24eac8e34,arithmetic,67.0,1776331502.0,1776331569.0,,,,,,,NO_EEG_FOR_PARTICIPANT,NONE,
97aa9aa3-6d45-4aeb-99c8-2f97a19597e0,4b00bcd7-936b-42d2-99b5-c0b8b78272c9,attention,116.0,1776330648.0,1776330764.0,,,,,,,NO_EEG_FOR_PARTICIPANT,NONE,
97d3ce7d-78b5-41f5-92a5-9937e5a26dd7,182b236c-a543-4d7f-b121-473dc33918f2,memory,92.0,1777372357.0,1777372449.0,D:\Projects\Major-Project\Data\Emotive\BCI data\1\BCI data\New folder\Maanya_EPOCX_587822_2026.04.28T15.55.16+05.30.md.bp.csv,1777371916.511,1777372719.607,803.1,440.489,532.489,MATCHED,HIGH,Coverage: 100.0% | Overlap: 92s
98482188-e04b-4adf-935e-2a68b90b64f2,6d998d08-a10e-4432-b8a1-84e619128b08,comprehension,98.0,1777261005.0,1777261103.0,D:\Projects\Major-Project\Data\Emotive\BCI data\2\BCI data\New folder\pradeep kumar_EPOCX_787408_2026.04.27T08.57.58+05.30.md.bp.csv,1777260478.238,1777261284.834,806.6,526.762,624.762,MATCHED,HIGH,Coverage: 100.0% | Overlap: 98s
987a35c0-b67a-45d5-b91e-604d0d6a6e47,c33adeeb-6609-4bd1-8fbc-9b3562dea1d0,attention,97.0,1776937887.0,1776937984.0,D:\Projects\Major-Project\Data\Emotive\BCI data\1\BCI data\New folder\Pragati_EPOCX_587822_2026.04.23T15.08.03+05.30.md.bp.csv,1776937083.693,1776938020.141,936.45,803.307,900.307,MATCHED,HIGH,Coverage: 100.0% | Overlap: 97s
98dd963a-b2fb-4be1-8c42-c03c29dc1c0b,8c27a478-52f0-442d-a434-fe798e047585,memory,83.0,1776939901.0,1776939984.0,D:\Projects\Major-Project\Data\Emotive\BCI data\1\BCI data\New folder\yash raj_EPOCX_784305_2026.04.23T15.49.16+05.30.md.bp.csv,1776939556.672,1776940277.407,720.74,344.328,427.328,MATCHED,HIGH,Coverage: 100.0% | Overlap: 83s
99583587-20c6-4b9b-91a6-01a5e5a10217,4cfb4306-1fd2-4cac-b1a4-e605da568d7e,pattern,136.0,1771581938.0,1771582074.0,,,,,,,UNMATCHED,NONE,No EEG file covers >10% of activity window (best=0.00)
99db0a78-5f52-49c7-863b-40c0796c1693,c33adeeb-6609-4bd1-8fbc-9b3562dea1d0,arithmetic,97.0,1776937756.0,1776937853.0,D:\Projects\Major-Project\Data\Emotive\BCI data\1\BCI data\New folder\Pragati_EPOCX_587822_2026.04.23T15.08.03+05.30.md.bp.csv,1776937083.693,1776938020.141,936.45,672.307,769.307,MATCHED,HIGH,Coverage: 100.0% | Overlap: 97s
9abe7112-fb0b-4e54-b41d-32baac061f43,4b00bcd7-936b-42d2-99b5-c0b8b78272c9,attention,116.0,1776330646.0,1776330762.0,,,,,,,NO_EEG_FOR_PARTICIPANT,NONE,
9b12b6e4-26de-491e-88d1-310bb7d03077,a9fa0a9e-4c99-49b4-b75f-ba925babb6f9,comprehension,163.0,1776228648.0,1776228811.0,D:\Projects\Major-Project\Data\Emotive\BCI data\2\BCI data\New folder\girish_EPOCX_775856_2026.04.15T10.14.18+05.30.md.bp.csv,1776228258.504,1776228949.691,691.19,389.496,552.496,MATCHED,HIGH,Coverage: 100.0% | Overlap: 163s
9b5d6c30-0ade-408c-8260-58b4ad72c765,d103eb77-fd3d-4b89-83f1-4f34ec8d6123,pattern,58.0,1776422119.0,1776422177.0,,,,,,,NO_EEG_FOR_PARTICIPANT,NONE,
9b86cfdb-9643-449c-9dc2-f58f392ed409,182b236c-a543-4d7f-b121-473dc33918f2,arithmetic,108.0,1777372110.0,1777372218.0,D:\Projects\Major-Project\Data\Emotive\BCI data\1\BCI data\New folder\Maanya_EPOCX_587822_2026.04.28T15.55.16+05.30.md.bp.csv,1777371916.511,1777372719.607,803.1,193.489,301.489,MATCHED,HIGH,Coverage: 100.0% | Overlap: 108s
9c326172-3f68-47f4-be39-b80960ba7845,4885d4b0-45a4-4809-93f1-b004dd932716,comprehension,87.0,1776324237.0,1776324324.0,D:\Projects\Major-Project\Data\Emotive\BCI data\1\BCI data\New folder\Uma H M_EPOCX_777408_2026.04.16T12.45.59+05.30.md.bp.csv,1776323759.202,1776324452.827,693.62,477.798,564.798,MATCHED,HIGH,Coverage: 100.0% | Overlap: 87s
9c5fadcc-27cc-47b5-9459-eeecc77716e2,077f1f73-3786-4d01-8c77-d40cf7f07ae1,pattern,71.0,1776751551.0,1776751622.0,D:\Projects\Major-Project\Data\Emotive\BCI data\1\BCI data\New folder\sankalp_EPOCX_781901_2026.04.21T11.32.13+05.30.md.bp.csv,1776751333.394,1776752015.93,682.54,217.606,288.606,MATCHED,HIGH,Coverage: 100.0% | Overlap: 71s
9d4c753d-62ca-4ff0-9eb6-552ab4ecaf16,8c27a478-52f0-442d-a434-fe798e047585,pattern,49.0,1776939827.0,1776939876.0,D:\Projects\Major-Project\Data\Emotive\BCI data\1\BCI data\New folder\yash raj_EPOCX_784305_2026.04.23T15.49.16+05.30.md.bp.csv,1776939556.672,1776940277.407,720.74,270.328,319.328,MATCHED,HIGH,Coverage: 100.0% | Overlap: 49s
9d8974fc-7af8-451a-b0a3-f430c20b041a,a32edb5b-8092-4f01-add0-35bbaf8e88b3,memory,85.0,1777006160.0,1777006245.0,,,,,,,NO_EEG_FOR_PARTICIPANT,NONE,
9d994208-8fce-420e-892a-e80dff71accb,15f6773b-607d-4409-a94f-78d24eac8e34,arithmetic,67.0,1776331502.0,1776331569.0,,,,,,,NO_EEG_FOR_PARTICIPANT,NONE,
a07dafe0-8a80-448b-89fe-93e860c4db3b,4b00bcd7-936b-42d2-99b5-c0b8b78272c9,attention,116.0,1776330630.0,1776330746.0,,,,,,,NO_EEG_FOR_PARTICIPANT,NONE,
a199b778-5d76-442c-b56a-518eb9fe8063,caa4b854-4eea-4177-a19c-2d0f4929874e,memory,88.0,1776333351.0,1776333439.0,D:\Projects\Major-Project\Data\Emotive\BCI data\1\BCI data\New folder\Nishanth_EPOCX_587822_2026.04.16T15.21.40+05.30.md.bp.csv,1776333100.284,1776333811.431,711.15,250.716,338.716,MATCHED,HIGH,Coverage: 100.0% | Overlap: 88s
a30e9497-b295-4ee2-aa6a-f51bca451258,d103eb77-fd3d-4b89-83f1-4f34ec8d6123,arithmetic,94.0,1776418397.0,1776418491.0,,,,,,,NO_EEG_FOR_PARTICIPANT,NONE,
a542a124-e1b2-4421-9c49-4cab5e905a4d,caa4b854-4eea-4177-a19c-2d0f4929874e,attention,102.0,1776333680.0,1776333782.0,D:\Projects\Major-Project\Data\Emotive\BCI data\1\BCI data\New folder\Nishanth_EPOCX_587822_2026.04.16T15.21.40+05.30.md.bp.csv,1776333100.284,1776333811.431,711.15,579.716,681.716,MATCHED,HIGH,Coverage: 100.0% | Overlap: 102s
a565ac34-0f23-4eed-97fb-bd7ae7784834,7aff8ec5-acae-493c-a6b3-9d61b98ba0b4,pattern,89.0,1777545377.0,1777545466.0,D:\Projects\Major-Project\Data\Emotive\BCI data\2\BCI data\New folder\Kushal_EPOCX_587822_2026.04.30T15.59.49+05.30.md.bp.csv,1777544989.905,1777545935.988,946.08,387.095,476.095,MATCHED,HIGH,Coverage: 100.0% | Overlap: 89s
a61423d6-3609-4f6f-93c9-ba39265a5976,caa4b854-4eea-4177-a19c-2d0f4929874e,arithmetic,42.0,1776333213.0,1776333255.0,D:\Projects\Major-Project\Data\Emotive\BCI data\1\BCI data\New folder\Nishanth_EPOCX_587822_2026.04.16T15.21.40+05.30.md.bp.csv,1776333100.284,1776333811.431,711.15,112.716,154.716,MATCHED,HIGH,Coverage: 100.0% | Overlap: 42s
a6a31650-24a1-42e1-adae-b50688eab9dc,7aff8ec5-acae-493c-a6b3-9d61b98ba0b4,memory,93.0,1777545497.0,1777545590.0,D:\Projects\Major-Project\Data\Emotive\BCI data\2\BCI data\New folder\Kushal_EPOCX_587822_2026.04.30T15.59.49+05.30.md.bp.csv,1777544989.905,1777545935.988,946.08,507.095,600.095,MATCHED,HIGH,Coverage: 100.0% | Overlap: 93s
a8406ed8-61e1-45e0-ae38-33ffcb45cbb0,b60e1ae3-b420-4c8c-b2f5-fe145674e306,comprehension,183.0,1776231092.0,1776231275.0,D:\Projects\Major-Project\Data\Emotive\BCI data\3\BCI data\New folder\varun_EPOCX_775922_2026.04.15T10.54.24+05.30.md.bp.csv,1776230664.429,1776231417.099,752.67,427.571,610.571,MATCHED,HIGH,Coverage: 100.0% | Overlap: 183s
a880239b-c2bb-46f1-b86d-bbd492f1cc56,617c750a-6289-4403-8ead-1ee0ff4fcf88,memory,96.0,1776746937.0,1776747033.0,,,,,,,NO_EEG_FOR_PARTICIPANT,NONE,
a99785c2-74aa-4132-8450-6418be2a2e1a,4b00bcd7-936b-42d2-99b5-c0b8b78272c9,attention,116.0,1776330634.0,1776330750.0,,,,,,,NO_EEG_FOR_PARTICIPANT,NONE,
ac4a44c4-b19f-47db-91d5-42d37acafe26,ad1b69f4-c7df-4d3a-bc43-55840a73478f,pattern,80.0,1777459270.0,1777459350.0,D:\Projects\Major-Project\Data\Emotive\BCI data\2\BCI data\New folder\Rishab_EPOCX_587822_2026.04.29T16.05.52+05.30.md.bp.csv,1777458952.105,1777459834.221,882.12,317.895,397.895,MATCHED,HIGH,Coverage: 100.0% | Overlap: 80s
ac61280f-b149-493e-b793-b99601e48cef,7aff8ec5-acae-493c-a6b3-9d61b98ba0b4,memory,93.0,1777545495.0,1777545588.0,D:\Projects\Major-Project\Data\Emotive\BCI data\2\BCI data\New folder\Kushal_EPOCX_587822_2026.04.30T15.59.49+05.30.md.bp.csv,1777544989.905,1777545935.988,946.08,505.095,598.095,MATCHED,HIGH,Coverage: 100.0% | Overlap: 93s
af8386c0-106d-4524-85f0-9a859b5d0e34,4885d4b0-45a4-4809-93f1-b004dd932716,memory,90.0,1776324108.0,1776324198.0,D:\Projects\Major-Project\Data\Emotive\BCI data\1\BCI data\New folder\Uma H M_EPOCX_777408_2026.04.16T12.45.59+05.30.md.bp.csv,1776323759.202,1776324452.827,693.62,348.798,438.798,MATCHED,HIGH,Coverage: 100.0% | Overlap: 90s
b07efff5-d724-4117-bbc3-72bf2ecc4717,699dd060-e5d3-4dfb-bd49-1e58c9a7801d,memory,96.0,1776492914.0,1776493010.0,D:\Projects\Major-Project\Data\Emotive\BCI data\1\BCI data\New folder\nitish_EPOCX_779486_2026.04.18T11.41.15+05.30.md.bp.csv,1776492675.496,1776493282.419,606.92,238.504,334.504,MATCHED,HIGH,Coverage: 100.0% | Overlap: 96s
b15f455a-5f32-41c5-9ced-6a50a87cb102,4cfb4306-1fd2-4cac-b1a4-e605da568d7e,arithmetic,195.0,1771581711.0,1771581906.0,,,,,,,UNMATCHED,NONE,No EEG file covers >10% of activity window (best=0.00)
b1a93f2f-10e3-4196-97bd-50b2f22b9c5e,a32edb5b-8092-4f01-add0-35bbaf8e88b3,attention,99.0,1777006365.0,1777006464.0,,,,,,,NO_EEG_FOR_PARTICIPANT,NONE,
b23dfb9d-c101-48af-bd0d-41e95cf7a556,6f2c1a12-a0ec-4367-92f6-b0403cc5b56c,attention,93.0,1776583811.0,1776583904.0,D:\Projects\Major-Project\Data\Emotive\BCI data\1\BCI data\New folder\tharun karun_EPOCX_780185_2026.04.19T12.49.57+05.30.md.bp.csv,1776583197.124,1776583931.852,734.73,613.876,706.876,MATCHED,HIGH,Coverage: 100.0% | Overlap: 93s
b479345c-a0db-4ee8-a435-bdb728214df8,3cebc90b-7bb9-4438-bb6d-00b1b897bdf9,attention,87.0,1777544359.0,1777544446.0,,,,,,,NO_EEG_FOR_PARTICIPANT,NONE,
b495c390-361f-46c6-9c85-fb5efb226fa3,daa69244-ed2c-41a5-883b-3352a4c9284b,arithmetic,66.0,1776425667.0,1776425733.0,D:\Projects\Major-Project\Data\Emotive\BCI data\1\BCI data\New folder\Venkat_EPOCX_587822_2026.04.17T17.02.16+05.30.md.bp.csv,1776425536.835,1776426212.861,676.03,130.165,196.165,MATCHED,HIGH,Coverage: 100.0% | Overlap: 66s
b619dd4f-7f7c-4f6f-b4d1-cce6da8fb8dc,d103eb77-fd3d-4b89-83f1-4f34ec8d6123,memory,86.0,1776422204.0,1776422290.0,,,,,,,NO_EEG_FOR_PARTICIPANT,NONE,
b6fb7d6f-8e60-4470-ba60-c7c0e0c55f78,9c588e1c-b67d-4964-9795-ff4e62e1f292,comprehension,86.0,1776581687.0,1776581773.0,D:\Projects\Major-Project\Data\Emotive\BCI data\1\BCI data\New folder\bunny_EPOCX_780182_2026.04.19T12.19.03+05.30.md.bp.csv,1776581343.406,1776581912.785,569.38,343.594,429.594,MATCHED,HIGH,Coverage: 100.0% | Overlap: 86s
b7c55d4c-3c13-40c2-95b3-869ae025a09f,c33adeeb-6609-4bd1-8fbc-9b3562dea1d0,memory,92.0,1776937623.0,1776937715.0,D:\Projects\Major-Project\Data\Emotive\BCI data\1\BCI data\New folder\Pragati_EPOCX_587822_2026.04.23T15.08.03+05.30.md.bp.csv,1776937083.693,1776938020.141,936.45,539.307,631.307,MATCHED,HIGH,Coverage: 100.0% | Overlap: 92s
b7d8331c-a11d-4eee-8788-8458632e308d,038c88b9-98c6-4009-810c-b905483f4baf,memory,84.0,1776850775.0,1776850859.0,,,,,,,NO_EEG_FOR_PARTICIPANT,NONE,
b81d5795-2ef8-4433-8c20-3654679ff718,a9fa0a9e-4c99-49b4-b75f-ba925babb6f9,memory,88.0,1776228528.0,1776228616.0,D:\Projects\Major-Project\Data\Emotive\BCI data\2\BCI data\New folder\girish_EPOCX_775856_2026.04.15T10.14.18+05.30.md.bp.csv,1776228258.504,1776228949.691,691.19,269.496,357.496,MATCHED,HIGH,Coverage: 100.0% | Overlap: 88s
bb0b4fdd-d71b-48f9-868e-1e509a28b9bd,69c167cf-2224-4a55-adef-a54aa83f75c5,pattern,81.0,1776919423.0,1776919504.0,D:\Projects\Major-Project\Data\Emotive\BCI data\1\BCI data\New folder\niranjan k_EPOCX_784239_2026.04.23T10.09.05+05.30.md.bp.csv,1776919145.089,1776919921.481,776.39,277.911,358.911,MATCHED,HIGH,Coverage: 100.0% | Overlap: 81s
bb5d7cbb-205b-479c-a9b1-31365c166e97,50e80c06-aaf0-4193-90cb-eb43ae74b701,attention,82.0,1776834707.0,1776834789.0,,,,,,,NO_EEG_FOR_PARTICIPANT,NONE,
bd46810b-c191-4ddb-ac51-69d63ec542ff,50e80c06-aaf0-4193-90cb-eb43ae74b701,comprehension,78.0,1776834603.0,1776834681.0,,,,,,,NO_EEG_FOR_PARTICIPANT,NONE,
bea27d56-b47e-4b56-aef3-71f082d93f9c,cbdba92c-9740-49a5-8627-91d15f9db8f9,memory,98.0,1776064677.0,1776064775.0,,,,,,,NO_EEG_FOR_PARTICIPANT,NONE,
bf0ce6b6-28a0-45f4-b2c7-7015c95a594b,9c588e1c-b67d-4964-9795-ff4e62e1f292,pattern,49.0,1776581504.0,1776581553.0,D:\Projects\Major-Project\Data\Emotive\BCI data\1\BCI data\New folder\bunny_EPOCX_780182_2026.04.19T12.19.03+05.30.md.bp.csv,1776581343.406,1776581912.785,569.38,160.594,209.594,MATCHED,HIGH,Coverage: 100.0% | Overlap: 49s
c02936b7-3848-43e0-b1e9-d05de29beaf5,4b00bcd7-936b-42d2-99b5-c0b8b78272c9,comprehension,198.0,1776330395.0,1776330593.0,,,,,,,NO_EEG_FOR_PARTICIPANT,NONE,
c1d8c2e1-f2b4-4602-89d3-0cdae362a0d6,d103eb77-fd3d-4b89-83f1-4f34ec8d6123,attention,86.0,1776422461.0,1776422547.0,,,,,,,NO_EEG_FOR_PARTICIPANT,NONE,
c1ddec17-b16f-41dd-944b-8f2a0962eff7,4cfb4306-1fd2-4cac-b1a4-e605da568d7e,pattern,136.0,1771581936.0,1771582072.0,,,,,,,UNMATCHED,NONE,No EEG file covers >10% of activity window (best=0.00)
c4564f59-dce9-4cb7-a383-03c44b7637db,50d2e6aa-24c6-4d68-8bb3-f3b2f03f9b50,arithmetic,94.0,1776325269.0,1776325363.0,D:\Projects\Major-Project\Data\Emotive\BCI data\2\BCI data\New folder\yashas_EPOCX_777506_2026.04.16T13.09.52+05.30.md.bp.csv,1776325192.428,1776326113.305,920.88,76.572,170.572,MATCHED,HIGH,Coverage: 100.0% | Overlap: 94s
c5bd30eb-27e0-40db-990c-b6a78bc1c9e2,4b00bcd7-936b-42d2-99b5-c0b8b78272c9,attention,116.0,1776330640.0,1776330756.0,,,,,,,NO_EEG_FOR_PARTICIPANT,NONE,
c6038bc4-6ca3-439d-bf81-3715f7789d60,41e7ea84-ede5-4a76-8176-b877187f4b39,attention,94.0,1776582763.0,1776582857.0,D:\Projects\Major-Project\Data\Emotive\BCI data\1\BCI data\New folder\revanth reddy_EPOCX_780184_2026.04.19T12.33.43+05.30.md.bp.csv,1776582223.086,1776582891.758,668.67,539.914,633.914,MATCHED,HIGH,Coverage: 100.0% | Overlap: 94s
c890e2bb-c75e-47c4-af6f-365287ca3d1e,4885d4b0-45a4-4809-93f1-b004dd932716,arithmetic,76.0,1776323919.0,1776323995.0,D:\Projects\Major-Project\Data\Emotive\BCI data\1\BCI data\New folder\Uma H M_EPOCX_777408_2026.04.16T12.45.59+05.30.md.bp.csv,1776323759.202,1776324452.827,693.62,159.798,235.798,MATCHED,HIGH,Coverage: 100.0% | Overlap: 76s
c99a790a-56e8-41b6-933c-796e8152fa56,caa4b854-4eea-4177-a19c-2d0f4929874e,pattern,42.0,1776333282.0,1776333324.0,D:\Projects\Major-Project\Data\Emotive\BCI data\1\BCI data\New folder\Nishanth_EPOCX_587822_2026.04.16T15.21.40+05.30.md.bp.csv,1776333100.284,1776333811.431,711.15,181.716,223.716,MATCHED,HIGH,Coverage: 100.0% | Overlap: 42s
cac93861-bd3c-4e5a-9edf-9cd835e82d85,38486085-f824-4b7b-82b0-ebfd7c8629e4,attention,104.0,1776768648.0,1776768752.0,D:\Projects\Major-Project\Data\Emotive\BCI data\1\BCI data\New folder\akhilesh_EPOCX_781974_2026.04.21T16.11.03+05.30.md.bp.csv,1776768063.085,1776768795.283,732.2,584.915,688.915,MATCHED,HIGH,Coverage: 100.0% | Overlap: 104s
cb3e2c5d-c975-4cc1-b77b-facada303aed,15f6773b-607d-4409-a94f-78d24eac8e34,comprehension,182.0,1776331838.0,1776332020.0,,,,,,,NO_EEG_FOR_PARTICIPANT,NONE,
cbc53b54-c20b-463c-92cd-01792227a4a7,077f1f73-3786-4d01-8c77-d40cf7f07ae1,attention,89.0,1776751901.0,1776751990.0,D:\Projects\Major-Project\Data\Emotive\BCI data\1\BCI data\New folder\sankalp_EPOCX_781901_2026.04.21T11.32.13+05.30.md.bp.csv,1776751333.394,1776752015.93,682.54,567.606,656.606,MATCHED,HIGH,Coverage: 100.0% | Overlap: 89s
cc8ddeb2-6a33-4b3e-a96a-52377f32264b,4885d4b0-45a4-4809-93f1-b004dd932716,attention,86.0,1776324359.0,1776324445.0,D:\Projects\Major-Project\Data\Emotive\BCI data\1\BCI data\New folder\Uma H M_EPOCX_777408_2026.04.16T12.45.59+05.30.md.bp.csv,1776323759.202,1776324452.827,693.62,599.798,685.798,MATCHED,HIGH,Coverage: 100.0% | Overlap: 86s
d0518f3f-3b52-42b8-b769-99ff203761d1,4885d4b0-45a4-4809-93f1-b004dd932716,comprehension,87.0,1776324236.0,1776324323.0,D:\Projects\Major-Project\Data\Emotive\BCI data\1\BCI data\New folder\Uma H M_EPOCX_777408_2026.04.16T12.45.59+05.30.md.bp.csv,1776323759.202,1776324452.827,693.62,476.798,563.798,MATCHED,HIGH,Coverage: 100.0% | Overlap: 87s
d11b9798-c000-4982-929b-3c3ce5234231,15f6773b-607d-4409-a94f-78d24eac8e34,arithmetic,67.0,1776331503.0,1776331570.0,,,,,,,NO_EEG_FOR_PARTICIPANT,NONE,
d4ee4266-296f-4307-b809-114e57210316,caa4b854-4eea-4177-a19c-2d0f4929874e,arithmetic,68.0,1776332664.0,1776332732.0,,,,,,,UNMATCHED,NONE,No EEG file covers >10% of activity window (best=0.00)
d54cd8ae-31ab-4725-b217-4644f152ae87,182b236c-a543-4d7f-b121-473dc33918f2,memory,92.0,1777372356.0,1777372448.0,D:\Projects\Major-Project\Data\Emotive\BCI data\1\BCI data\New folder\Maanya_EPOCX_587822_2026.04.28T15.55.16+05.30.md.bp.csv,1777371916.511,1777372719.607,803.1,439.489,531.489,MATCHED,HIGH,Coverage: 100.0% | Overlap: 92s
d5c61ed8-876d-4d09-b7da-48a451bc4412,6f2c1a12-a0ec-4367-92f6-b0403cc5b56c,memory,93.0,1776583461.0,1776583554.0,D:\Projects\Major-Project\Data\Emotive\BCI data\1\BCI data\New folder\tharun karun_EPOCX_780185_2026.04.19T12.49.57+05.30.md.bp.csv,1776583197.124,1776583931.852,734.73,263.876,356.876,MATCHED,HIGH,Coverage: 100.0% | Overlap: 93s
d6abd449-1144-4d5c-91a7-6b3c389b1232,4b00bcd7-936b-42d2-99b5-c0b8b78272c9,attention,116.0,1776330641.0,1776330757.0,,,,,,,NO_EEG_FOR_PARTICIPANT,NONE,
d6d87a15-78e4-46ca-a18b-b088ff833f99,a9fa0a9e-4c99-49b4-b75f-ba925babb6f9,arithmetic,85.0,1776228328.0,1776228413.0,D:\Projects\Major-Project\Data\Emotive\BCI data\2\BCI data\New folder\girish_EPOCX_775856_2026.04.15T10.14.18+05.30.md.bp.csv,1776228258.504,1776228949.691,691.19,69.496,154.496,MATCHED,HIGH,Coverage: 100.0% | Overlap: 85s
d7179171-11bc-4f48-8235-463160cc70a5,d103eb77-fd3d-4b89-83f1-4f34ec8d6123,arithmetic,55.0,1776422036.0,1776422091.0,,,,,,,NO_EEG_FOR_PARTICIPANT,NONE,
d9474f8a-7bbc-4ce2-84f3-149fc6fc7ab9,6f2c1a12-a0ec-4367-92f6-b0403cc5b56c,pattern,52.0,1776583382.0,1776583434.0,D:\Projects\Major-Project\Data\Emotive\BCI data\1\BCI data\New folder\tharun karun_EPOCX_780185_2026.04.19T12.49.57+05.30.md.bp.csv,1776583197.124,1776583931.852,734.73,184.876,236.876,MATCHED,HIGH,Coverage: 100.0% | Overlap: 52s
d97a92da-0f18-4891-a23a-b1ac6bf8b8ac,077f1f73-3786-4d01-8c77-d40cf7f07ae1,arithmetic,111.0,1776751416.0,1776751527.0,D:\Projects\Major-Project\Data\Emotive\BCI data\1\BCI data\New folder\sankalp_EPOCX_781901_2026.04.21T11.32.13+05.30.md.bp.csv,1776751333.394,1776752015.93,682.54,82.606,193.606,MATCHED,HIGH,Coverage: 100.0% | Overlap: 111s
da301ed1-6dc6-4d88-8ac5-2400507c2f94,3cebc90b-7bb9-4438-bb6d-00b1b897bdf9,memory,85.0,1777544154.0,1777544239.0,,,,,,,NO_EEG_FOR_PARTICIPANT,NONE,
da98b134-1d0a-4ed6-9069-687b2361074b,182b236c-a543-4d7f-b121-473dc33918f2,attention,94.0,1777372595.0,1777372689.0,D:\Projects\Major-Project\Data\Emotive\BCI data\1\BCI data\New folder\Maanya_EPOCX_587822_2026.04.28T15.55.16+05.30.md.bp.csv,1777371916.511,1777372719.607,803.1,678.489,772.489,MATCHED,HIGH,Coverage: 100.0% | Overlap: 94s
db180d62-f64a-4e18-a981-1d61c2f6109a,d129448b-a4c5-49ee-9795-d4463d27334a,memory,93.0,1776408244.0,1776408337.0,D:\Projects\Major-Project\Data\Emotive\BCI data\1\BCI data\New folder\dhanush H U_EPOCX_778793_2026.04.17T12.08.25+05.30.md.bp.csv,1776407905.207,1776408619.322,714.11,338.793,431.793,MATCHED,HIGH,Coverage: 100.0% | Overlap: 93s
dc7b65c3-d228-4f79-8244-a4ed88da41d8,4885d4b0-45a4-4809-93f1-b004dd932716,pattern,43.0,1776324033.0,1776324076.0,D:\Projects\Major-Project\Data\Emotive\BCI data\1\BCI data\New folder\Uma H M_EPOCX_777408_2026.04.16T12.45.59+05.30.md.bp.csv,1776323759.202,1776324452.827,693.62,273.798,316.798,MATCHED,HIGH,Coverage: 100.0% | Overlap: 43s
dda1961a-583f-49d7-95b9-692111bcd151,cbdba92c-9740-49a5-8627-91d15f9db8f9,pattern,75.0,1776064555.0,1776064630.0,,,,,,,NO_EEG_FOR_PARTICIPANT,NONE,
dfd8d5ed-0723-44e0-a85c-24097319d4e6,c33adeeb-6609-4bd1-8fbc-9b3562dea1d0,arithmetic,97.0,1776937755.0,1776937852.0,D:\Projects\Major-Project\Data\Emotive\BCI data\1\BCI data\New folder\Pragati_EPOCX_587822_2026.04.23T15.08.03+05.30.md.bp.csv,1776937083.693,1776938020.141,936.45,671.307,768.307,MATCHED,HIGH,Coverage: 100.0% | Overlap: 97s
e02d717c-827d-4f64-b484-c7c2120b9991,b60e1ae3-b420-4c8c-b2f5-fe145674e306,memory,92.0,1776230952.0,1776231044.0,D:\Projects\Major-Project\Data\Emotive\BCI data\3\BCI data\New folder\varun_EPOCX_775922_2026.04.15T10.54.24+05.30.md.bp.csv,1776230664.429,1776231417.099,752.67,287.571,379.571,MATCHED,HIGH,Coverage: 100.0% | Overlap: 92s
e041c19f-2636-4c64-83c3-053f696b45fa,15f6773b-607d-4409-a94f-78d24eac8e34,arithmetic,67.0,1776331496.0,1776331563.0,,,,,,,NO_EEG_FOR_PARTICIPANT,NONE,
e0ce7bec-9f75-47c7-990f-188156be411b,7aff8ec5-acae-493c-a6b3-9d61b98ba0b4,attention,101.0,1777545767.0,1777545868.0,D:\Projects\Major-Project\Data\Emotive\BCI data\2\BCI data\New folder\Kushal_EPOCX_587822_2026.04.30T15.59.49+05.30.md.bp.csv,1777544989.905,1777545935.988,946.08,777.095,878.095,MATCHED,HIGH,Coverage: 100.0% | Overlap: 101s
e12ef834-cad6-408e-a412-a3e3bd66faf0,4b00bcd7-936b-42d2-99b5-c0b8b78272c9,comprehension,198.0,1776330395.0,1776330593.0,,,,,,,NO_EEG_FOR_PARTICIPANT,NONE,
e19543cc-2717-48a4-a05a-76c139acb019,ad1b69f4-c7df-4d3a-bc43-55840a73478f,memory,94.0,1777459377.0,1777459471.0,D:\Projects\Major-Project\Data\Emotive\BCI data\2\BCI data\New folder\Rishab_EPOCX_587822_2026.04.29T16.05.52+05.30.md.bp.csv,1777458952.105,1777459834.221,882.12,424.895,518.895,MATCHED,HIGH,Coverage: 100.0% | Overlap: 94s
e44a2420-d2f7-4ab7-8edd-9bf0f3c852a2,15f6773b-607d-4409-a94f-78d24eac8e34,arithmetic,67.0,1776331500.0,1776331567.0,,,,,,,NO_EEG_FOR_PARTICIPANT,NONE,
e5909023-f88e-48ce-971e-2bd70324b021,3cebc90b-7bb9-4438-bb6d-00b1b897bdf9,comprehension,68.0,1777544269.0,1777544337.0,,,,,,,NO_EEG_FOR_PARTICIPANT,NONE,
e6e09600-d5c3-479e-b8ee-7799855dacb5,4b00bcd7-936b-42d2-99b5-c0b8b78272c9,comprehension,198.0,1776330390.0,1776330588.0,,,,,,,NO_EEG_FOR_PARTICIPANT,NONE,
e79f455a-8dc4-4215-bb46-739c101e3592,ad1b69f4-c7df-4d3a-bc43-55840a73478f,arithmetic,80.0,1777459163.0,1777459243.0,D:\Projects\Major-Project\Data\Emotive\BCI data\2\BCI data\New folder\Rishab_EPOCX_587822_2026.04.29T16.05.52+05.30.md.bp.csv,1777458952.105,1777459834.221,882.12,210.895,290.895,MATCHED,HIGH,Coverage: 100.0% | Overlap: 80s
e85ac816-e6ae-4a62-87b8-3a559f17ecaf,1a3a8d1d-950a-441c-a128-58d9d18de7bc,comprehension,127.0,1776917498.0,1776917625.0,,,,,,,NO_EEG_FOR_PARTICIPANT,NONE,
e917c489-d182-4a0f-837a-13e452360ba3,4b00bcd7-936b-42d2-99b5-c0b8b78272c9,pattern,68.0,1776330150.0,1776330218.0,,,,,,,NO_EEG_FOR_PARTICIPANT,NONE,
e91ad1a0-8c6e-4964-a981-4e7715c141b5,9c588e1c-b67d-4964-9795-ff4e62e1f292,arithmetic,53.0,1776581423.0,1776581476.0,D:\Projects\Major-Project\Data\Emotive\BCI data\1\BCI data\New folder\bunny_EPOCX_780182_2026.04.19T12.19.03+05.30.md.bp.csv,1776581343.406,1776581912.785,569.38,79.594,132.594,MATCHED,HIGH,Coverage: 100.0% | Overlap: 53s
ea041aa7-4232-4279-aa9f-2bb2dc7888e8,1295d8c1-c3fa-424a-a3ac-86e227c3a8de,arithmetic,47.0,1776424445.0,1776424492.0,D:\Projects\Major-Project\Data\Emotive\BCI data\1\BCI data\New folder\Suhas_EPOCX_587822_2026.04.17T16.42.03+05.30.md.bp.csv,1776424323.491,1776424898.992,575.5,121.509,168.509,MATCHED,HIGH,Coverage: 100.0% | Overlap: 47s
ec80db11-3fb3-4bc5-8b99-b1f501cbbc1f,bef21b19-9f14-46fd-983e-519cd076d499,pattern,98.0,1776852220.0,1776852318.0,D:\Projects\Major-Project\Data\Emotive\BCI data\1\BCI data\New folder\Aamir_EPOCX_587822_2026.04.22T15.30.04+05.30.md.bp.csv,1776852004.614,1776852753.865,749.25,215.386,313.386,MATCHED,HIGH,Coverage: 100.0% | Overlap: 98s
ecf73447-929b-45fc-836c-cc10412f4cb3,b17134fc-8dcf-4a39-b251-3e8e95b21315,pattern,43.0,1776847121.0,1776847164.0,D:\Projects\Major-Project\Data\Emotive\BCI data\1\BCI data\New folder\aishu_EPOCX_587822_2026.04.22T14.06.03+05.30.md.bp.csv,1776846963.21,1776847557.013,593.8,157.79,200.79,MATCHED,HIGH,Coverage: 100.0% | Overlap: 43s
ecf91c43-01f7-4b9a-8adb-75a93ad28ff7,489aeec3-5823-4e43-9ca6-e34ae73136ad,pattern,66.0,1776580326.0,1776580392.0,D:\Projects\Major-Project\Data\Emotive\BCI data\1\BCI data\New folder\yashwanth_EPOCX_780183_2026.04.19T11.59.18+05.30.md.bp.csv,1776580158.075,1776580892.711,734.64,167.925,233.925,MATCHED,HIGH,Coverage: 100.0% | Overlap: 66s
ee537461-c9b4-43c0-8652-64bb443e7216,b60e1ae3-b420-4c8c-b2f5-fe145674e306,arithmetic,54.0,1776230772.0,1776230826.0,D:\Projects\Major-Project\Data\Emotive\BCI data\3\BCI data\New folder\varun_EPOCX_775922_2026.04.15T10.54.24+05.30.md.bp.csv,1776230664.429,1776231417.099,752.67,107.571,161.571,MATCHED,HIGH,Coverage: 100.0% | Overlap: 54s
ee72b1dc-0fac-4ff6-bd7e-616be7bf0acb,d103eb77-fd3d-4b89-83f1-4f34ec8d6123,comprehension,97.0,1776422324.0,1776422421.0,,,,,,,NO_EEG_FOR_PARTICIPANT,NONE,
f02d89e3-61d2-4236-900c-d448baa20711,1d7969e9-9d81-4b61-b5a4-102cab269db4,attention,97.0,1776335080.0,1776335177.0,,,,,,,NO_EEG_FOR_PARTICIPANT,NONE,
f04c5fed-92f7-426c-ba29-c525a54ed5a1,1d7969e9-9d81-4b61-b5a4-102cab269db4,pattern,84.0,1776334629.0,1776334713.0,,,,,,,NO_EEG_FOR_PARTICIPANT,NONE,
f14d9f0d-2ff6-4781-b511-42901f6e6032,50d2e6aa-24c6-4d68-8bb3-f3b2f03f9b50,comprehension,215.0,1776325669.0,1776325884.0,D:\Projects\Major-Project\Data\Emotive\BCI data\2\BCI data\New folder\yashas_EPOCX_777506_2026.04.16T13.09.52+05.30.md.bp.csv,1776325192.428,1776326113.305,920.88,476.572,691.572,MATCHED,HIGH,Coverage: 100.0% | Overlap: 215s
f3e34023-bdc8-4166-8d55-d6d10ea78ac9,489aeec3-5823-4e43-9ca6-e34ae73136ad,memory,98.0,1776580419.0,1776580517.0,D:\Projects\Major-Project\Data\Emotive\BCI data\1\BCI data\New folder\yashwanth_EPOCX_780183_2026.04.19T11.59.18+05.30.md.bp.csv,1776580158.075,1776580892.711,734.64,260.925,358.925,MATCHED,HIGH,Coverage: 100.0% | Overlap: 98s
f3e580dd-93f2-4574-bcb9-7fdb554cd3b3,b60e1ae3-b420-4c8c-b2f5-fe145674e306,attention,106.0,1776231303.0,1776231409.0,D:\Projects\Major-Project\Data\Emotive\BCI data\3\BCI data\New folder\varun_EPOCX_775922_2026.04.15T10.54.24+05.30.md.bp.csv,1776230664.429,1776231417.099,752.67,638.571,744.571,MATCHED,HIGH,Coverage: 100.0% | Overlap: 106s
f45b721a-b776-41cf-8a41-8d8d515d69f7,e1f19955-0fdb-4bdd-9131-707c165021f0,comprehension,263.0,1776761317.0,1776761580.0,,,,,,,NO_EEG_FOR_PARTICIPANT,NONE,
f48f7a0a-9030-46ef-a61b-04111e15e2fe,ad1b69f4-c7df-4d3a-bc43-55840a73478f,attention,101.0,1777459675.0,1777459776.0,D:\Projects\Major-Project\Data\Emotive\BCI data\2\BCI data\New folder\Rishab_EPOCX_587822_2026.04.29T16.05.52+05.30.md.bp.csv,1777458952.105,1777459834.221,882.12,722.895,823.895,MATCHED,HIGH,Coverage: 100.0% | Overlap: 101s
f4a8d69f-4d6a-41ff-add4-d890b254a304,3cebc90b-7bb9-4438-bb6d-00b1b897bdf9,comprehension,68.0,1777544270.0,1777544338.0,,,,,,,NO_EEG_FOR_PARTICIPANT,NONE,
f61ad2f6-c0dc-45b6-a28f-be2d0927a284,caa4b854-4eea-4177-a19c-2d0f4929874e,comprehension,188.0,1776333466.0,1776333654.0,D:\Projects\Major-Project\Data\Emotive\BCI data\1\BCI data\New folder\Nishanth_EPOCX_587822_2026.04.16T15.21.40+05.30.md.bp.csv,1776333100.284,1776333811.431,711.15,365.716,553.716,MATCHED,HIGH,Coverage: 100.0% | Overlap: 188s
f7d16fad-888d-46e2-b034-9d6fba8863cb,7aff8ec5-acae-493c-a6b3-9d61b98ba0b4,pattern,89.0,1777545379.0,1777545468.0,D:\Projects\Major-Project\Data\Emotive\BCI data\2\BCI data\New folder\Kushal_EPOCX_587822_2026.04.30T15.59.49+05.30.md.bp.csv,1777544989.905,1777545935.988,946.08,389.095,478.095,MATCHED,HIGH,Coverage: 100.0% | Overlap: 89s
f7dad25b-4a44-47d1-aac6-cd288fcffebb,038c88b9-98c6-4009-810c-b905483f4baf,arithmetic,68.0,1776850604.0,1776850672.0,,,,,,,NO_EEG_FOR_PARTICIPANT,NONE,
f7e72d34-7d15-430f-ad77-55210dd27d69,4b00bcd7-936b-42d2-99b5-c0b8b78272c9,attention,116.0,1776330629.0,1776330745.0,,,,,,,NO_EEG_FOR_PARTICIPANT,NONE,
f8ab7cb4-cf5e-4631-95d8-ed90493929b0,d103eb77-fd3d-4b89-83f1-4f34ec8d6123,pattern,76.0,1776418532.0,1776418608.0,,,,,,,NO_EEG_FOR_PARTICIPANT,NONE,
f8b53e6c-1bc3-42c0-a914-a05698a72b1b,4b00bcd7-936b-42d2-99b5-c0b8b78272c9,comprehension,198.0,1776330392.0,1776330590.0,,,,,,,NO_EEG_FOR_PARTICIPANT,NONE,
f8b6ceab-a29d-4a4d-9430-c1c4f09b62ee,15f6773b-607d-4409-a94f-78d24eac8e34,attention,90.0,1776332051.0,1776332141.0,,,,,,,NO_EEG_FOR_PARTICIPANT,NONE,
f9340c60-436a-457b-a8ca-1d61be14e3fa,038c88b9-98c6-4009-810c-b905483f4baf,comprehension,79.0,1776850885.0,1776850964.0,,,,,,,NO_EEG_FOR_PARTICIPANT,NONE,
fac9a370-b8e4-4004-958d-5b14abc182e6,699dd060-e5d3-4dfb-bd49-1e58c9a7801d,arithmetic,57.0,1776492758.0,1776492815.0,D:\Projects\Major-Project\Data\Emotive\BCI data\1\BCI data\New folder\nitish_EPOCX_779486_2026.04.18T11.41.15+05.30.md.bp.csv,1776492675.496,1776493282.419,606.92,82.504,139.504,MATCHED,HIGH,Coverage: 100.0% | Overlap: 57s
fb373c39-ea27-4d87-b6ff-235c99979bd1,fed10af2-13dd-4f5a-9910-0c156c024547,pattern,34.0,1776941141.0,1776941175.0,D:\Projects\Major-Project\Data\Emotive\BCI data\1\BCI data\New folder\shaina_EPOCX_587822_2026.04.23T16.11.13+05.30.md.bp.csv,1776940873.616,1776941499.31,625.69,267.384,301.384,MATCHED,HIGH,Coverage: 100.0% | Overlap: 34s
fd4597cd-b567-4fe5-967d-f1418ed6307b,4b00bcd7-936b-42d2-99b5-c0b8b78272c9,attention,116.0,1776330634.0,1776330750.0,,,,,,,NO_EEG_FOR_PARTICIPANT,NONE,
fe801b74-2335-4fe7-8d7b-30e02790ad44,fed10af2-13dd-4f5a-9910-0c156c024547,arithmetic,40.0,1776941079.0,1776941119.0,D:\Projects\Major-Project\Data\Emotive\BCI data\1\BCI data\New folder\shaina_EPOCX_587822_2026.04.23T16.11.13+05.30.md.bp.csv,1776940873.616,1776941499.31,625.69,205.384,245.384,MATCHED,HIGH,Coverage: 100.0% | Overlap: 40s
